<?xml version="1.0" encoding="UTF-8"?>
<export version="D">
  <design>
    <source>/Users/spud/Documents/Hardware/Design/opto_isolator_with_micr/opto_isolator_with_micr.sch</source>
    <date>Friday, January 21, 2022 at 03:20:18 PM</date>
    <tool>Eeschema (5.1.6-0-10_14)</tool>
    <sheet number="1" name="/" tstamps="/">
      <title_block>
        <title/>
        <company/>
        <rev/>
        <date/>
        <source>opto_isolator_with_micr.sch</source>
        <comment number="1" value=""/>
        <comment number="2" value=""/>
        <comment number="3" value=""/>
        <comment number="4" value=""/>
      </title_block>
    </sheet>
    <sheet number="2" name="/Sheet6227BA78/" tstamps="/6227BA79/">
      <title_block>
        <title/>
        <company/>
        <rev/>
        <date/>
        <source>micro.sch</source>
        <comment number="1" value=""/>
        <comment number="2" value=""/>
        <comment number="3" value=""/>
        <comment number="4" value=""/>
      </title_block>
    </sheet>
  </design>
  <components>
    <comp ref="U5">
      <value>PS2501-4</value>
      <footprint>Package_DIP:DIP-16_W7.62mm_LongPads</footprint>
      <libsource lib="srw_custom" part="PS2501-4" description=""/>
      <sheetpath names="/" tstamps="/"/>
      <tstamp>61D7A6B6</tstamp>
    </comp>
    <comp ref="U1">
      <value>receiver_433MHz</value>
      <footprint>Connector_PinHeader_2.54mm:PinHeader_1x05_P2.54mm_Vertical</footprint>
      <libsource lib="srw_custom" part="receiver_433MHz" description=""/>
      <sheetpath names="/" tstamps="/"/>
      <tstamp>61D7B760</tstamp>
    </comp>
    <comp ref="R1">
      <value>DNI</value>
      <footprint>Resistor_SMD:R_0603_1608Metric_Pad1.05x0.95mm_HandSolder</footprint>
      <datasheet>~</datasheet>
      <libsource lib="Device" part="R" description="Resistor"/>
      <sheetpath names="/" tstamps="/"/>
      <tstamp>61D7F373</tstamp>
    </comp>
    <comp ref="U2">
      <value>receiver_433MHz</value>
      <footprint>Connector_PinHeader_2.54mm:PinHeader_1x05_P2.54mm_Vertical</footprint>
      <libsource lib="srw_custom" part="receiver_433MHz" description=""/>
      <sheetpath names="/" tstamps="/"/>
      <tstamp>61D84E5D</tstamp>
    </comp>
    <comp ref="R2">
      <value>DNI</value>
      <footprint>Resistor_SMD:R_0603_1608Metric_Pad1.05x0.95mm_HandSolder</footprint>
      <datasheet>~</datasheet>
      <libsource lib="Device" part="R" description="Resistor"/>
      <sheetpath names="/" tstamps="/"/>
      <tstamp>61D84E72</tstamp>
    </comp>
    <comp ref="U3">
      <value>receiver_433MHz</value>
      <footprint>Connector_PinHeader_2.54mm:PinHeader_1x05_P2.54mm_Vertical</footprint>
      <libsource lib="srw_custom" part="receiver_433MHz" description=""/>
      <sheetpath names="/" tstamps="/"/>
      <tstamp>61D86EE7</tstamp>
    </comp>
    <comp ref="R3">
      <value>DNI</value>
      <footprint>Resistor_SMD:R_0603_1608Metric_Pad1.05x0.95mm_HandSolder</footprint>
      <datasheet>~</datasheet>
      <libsource lib="Device" part="R" description="Resistor"/>
      <sheetpath names="/" tstamps="/"/>
      <tstamp>61D86EFC</tstamp>
    </comp>
    <comp ref="U4">
      <value>receiver_433MHz</value>
      <footprint>Connector_PinHeader_2.54mm:PinHeader_1x05_P2.54mm_Vertical</footprint>
      <libsource lib="srw_custom" part="receiver_433MHz" description=""/>
      <sheetpath names="/" tstamps="/"/>
      <tstamp>61D890D0</tstamp>
    </comp>
    <comp ref="R4">
      <value>DNI</value>
      <footprint>Resistor_SMD:R_0603_1608Metric_Pad1.05x0.95mm_HandSolder</footprint>
      <datasheet>~</datasheet>
      <libsource lib="Device" part="R" description="Resistor"/>
      <sheetpath names="/" tstamps="/"/>
      <tstamp>61D890E5</tstamp>
    </comp>
    <comp ref="R8">
      <value>1k</value>
      <footprint>Resistor_SMD:R_0603_1608Metric_Pad1.05x0.95mm_HandSolder</footprint>
      <datasheet>~</datasheet>
      <libsource lib="Device" part="R" description="Resistor"/>
      <sheetpath names="/" tstamps="/"/>
      <tstamp>61D92C6A</tstamp>
    </comp>
    <comp ref="R9">
      <value>1k</value>
      <footprint>Resistor_SMD:R_0603_1608Metric_Pad1.05x0.95mm_HandSolder</footprint>
      <datasheet>~</datasheet>
      <libsource lib="Device" part="R" description="Resistor"/>
      <sheetpath names="/" tstamps="/"/>
      <tstamp>61D938E9</tstamp>
    </comp>
    <comp ref="R10">
      <value>1k</value>
      <footprint>Resistor_SMD:R_0603_1608Metric_Pad1.05x0.95mm_HandSolder</footprint>
      <datasheet>~</datasheet>
      <libsource lib="Device" part="R" description="Resistor"/>
      <sheetpath names="/" tstamps="/"/>
      <tstamp>61D94456</tstamp>
    </comp>
    <comp ref="R7">
      <value>1k</value>
      <footprint>Resistor_SMD:R_0603_1608Metric_Pad1.05x0.95mm_HandSolder</footprint>
      <datasheet>~</datasheet>
      <libsource lib="Device" part="R" description="Resistor"/>
      <sheetpath names="/" tstamps="/"/>
      <tstamp>61D8C89F</tstamp>
    </comp>
    <comp ref="R12">
      <value>DNI</value>
      <footprint>Resistor_SMD:R_0603_1608Metric_Pad1.05x0.95mm_HandSolder</footprint>
      <datasheet>~</datasheet>
      <libsource lib="Device" part="R" description="Resistor"/>
      <sheetpath names="/" tstamps="/"/>
      <tstamp>61DAAD7A</tstamp>
    </comp>
    <comp ref="R11">
      <value>DNI</value>
      <footprint>Resistor_SMD:R_0603_1608Metric_Pad1.05x0.95mm_HandSolder</footprint>
      <datasheet>~</datasheet>
      <libsource lib="Device" part="R" description="Resistor"/>
      <sheetpath names="/" tstamps="/"/>
      <tstamp>61DABA52</tstamp>
    </comp>
    <comp ref="R6">
      <value>DNI</value>
      <footprint>Resistor_SMD:R_0603_1608Metric_Pad1.05x0.95mm_HandSolder</footprint>
      <datasheet>~</datasheet>
      <libsource lib="Device" part="R" description="Resistor"/>
      <sheetpath names="/" tstamps="/"/>
      <tstamp>61DAC77E</tstamp>
    </comp>
    <comp ref="R5">
      <value>DNI</value>
      <footprint>Resistor_SMD:R_0603_1608Metric_Pad1.05x0.95mm_HandSolder</footprint>
      <datasheet>~</datasheet>
      <libsource lib="Device" part="R" description="Resistor"/>
      <sheetpath names="/" tstamps="/"/>
      <tstamp>61DAD480</tstamp>
    </comp>
    <comp ref="J1">
      <value>Conn_01x01_Male</value>
      <footprint>MountingHole:MountingHole_2.5mm_Pad</footprint>
      <datasheet>~</datasheet>
      <libsource lib="Connector" part="Conn_01x01_Male" description="Generic connector, single row, 01x01, script generated (kicad-library-utils/schlib/autogen/connector/)"/>
      <sheetpath names="/" tstamps="/"/>
      <tstamp>61E581D4</tstamp>
    </comp>
    <comp ref="J3">
      <value>Conn_01x01_Male</value>
      <footprint>MountingHole:MountingHole_2.5mm_Pad</footprint>
      <datasheet>~</datasheet>
      <libsource lib="Connector" part="Conn_01x01_Male" description="Generic connector, single row, 01x01, script generated (kicad-library-utils/schlib/autogen/connector/)"/>
      <sheetpath names="/" tstamps="/"/>
      <tstamp>61E58E5F</tstamp>
    </comp>
    <comp ref="R20">
      <value>10k</value>
      <footprint>Resistor_SMD:R_0603_1608Metric_Pad1.05x0.95mm_HandSolder</footprint>
      <datasheet>~</datasheet>
      <libsource lib="Device" part="R" description="Resistor"/>
      <sheetpath names="/" tstamps="/"/>
      <tstamp>61E9E753</tstamp>
    </comp>
    <comp ref="R17">
      <value>10k</value>
      <footprint>Resistor_SMD:R_0603_1608Metric_Pad1.05x0.95mm_HandSolder</footprint>
      <datasheet>~</datasheet>
      <libsource lib="Device" part="R" description="Resistor"/>
      <sheetpath names="/" tstamps="/"/>
      <tstamp>61EC7671</tstamp>
    </comp>
    <comp ref="R18">
      <value>DNI</value>
      <footprint>Resistor_SMD:R_0603_1608Metric_Pad1.05x0.95mm_HandSolder</footprint>
      <datasheet>~</datasheet>
      <libsource lib="Device" part="R" description="Resistor"/>
      <sheetpath names="/" tstamps="/"/>
      <tstamp>61ED09E3</tstamp>
    </comp>
    <comp ref="R19">
      <value>10k</value>
      <footprint>Resistor_SMD:R_0603_1608Metric_Pad1.05x0.95mm_HandSolder</footprint>
      <datasheet>~</datasheet>
      <libsource lib="Device" part="R" description="Resistor"/>
      <sheetpath names="/" tstamps="/"/>
      <tstamp>61EDBB1D</tstamp>
    </comp>
    <comp ref="H3">
      <value>MountingHole</value>
      <footprint>MountingHole:MountingHole_3mm</footprint>
      <datasheet>~</datasheet>
      <libsource lib="Mechanical" part="MountingHole" description="Mounting Hole without connection"/>
      <sheetpath names="/" tstamps="/"/>
      <tstamp>61F03C2E</tstamp>
    </comp>
    <comp ref="H2">
      <value>MountingHole</value>
      <footprint>MountingHole:MountingHole_3mm</footprint>
      <datasheet>~</datasheet>
      <libsource lib="Mechanical" part="MountingHole" description="Mounting Hole without connection"/>
      <sheetpath names="/" tstamps="/"/>
      <tstamp>61F04D81</tstamp>
    </comp>
    <comp ref="H4">
      <value>MountingHole</value>
      <footprint>MountingHole:MountingHole_3mm</footprint>
      <datasheet>~</datasheet>
      <libsource lib="Mechanical" part="MountingHole" description="Mounting Hole without connection"/>
      <sheetpath names="/" tstamps="/"/>
      <tstamp>61F05247</tstamp>
    </comp>
    <comp ref="H1">
      <value>MountingHole</value>
      <footprint>MountingHole:MountingHole_3mm</footprint>
      <datasheet>~</datasheet>
      <libsource lib="Mechanical" part="MountingHole" description="Mounting Hole without connection"/>
      <sheetpath names="/" tstamps="/"/>
      <tstamp>61F0B0F4</tstamp>
    </comp>
    <comp ref="R21">
      <value>10k</value>
      <footprint>Resistor_SMD:R_0603_1608Metric_Pad1.05x0.95mm_HandSolder</footprint>
      <datasheet>~</datasheet>
      <libsource lib="Device" part="R" description="Resistor"/>
      <sheetpath names="/" tstamps="/"/>
      <tstamp>61EB08D6</tstamp>
    </comp>
    <comp ref="U6">
      <value>LD39015M18R</value>
      <footprint>Package_TO_SOT_SMD:SOT-23-5</footprint>
      <datasheet>http://www.st.com/resource/en/datasheet/ld39015.pdf</datasheet>
      <libsource lib="Regulator_Linear" part="LD39015M18R" description="150mA low quiescent current low noise voltage regulator, Fixed Output 1.8V, SOT-23-5"/>
      <sheetpath names="/" tstamps="/"/>
      <tstamp>61EF94E2</tstamp>
    </comp>
    <comp ref="C13">
      <value>1u</value>
      <footprint>Capacitor_SMD:C_0603_1608Metric_Pad1.05x0.95mm_HandSolder</footprint>
      <datasheet>~</datasheet>
      <libsource lib="Device" part="C" description="Unpolarized capacitor"/>
      <sheetpath names="/" tstamps="/"/>
      <tstamp>61F17B93</tstamp>
    </comp>
    <comp ref="C14">
      <value>10u</value>
      <footprint>Capacitor_SMD:C_0603_1608Metric_Pad1.05x0.95mm_HandSolder</footprint>
      <datasheet>~</datasheet>
      <libsource lib="Device" part="C" description="Unpolarized capacitor"/>
      <sheetpath names="/" tstamps="/"/>
      <tstamp>61F196C2</tstamp>
    </comp>
    <comp ref="R16">
      <value>10k</value>
      <footprint>Resistor_SMD:R_0603_1608Metric_Pad1.05x0.95mm_HandSolder</footprint>
      <datasheet>~</datasheet>
      <libsource lib="Device" part="R" description="Resistor"/>
      <sheetpath names="/" tstamps="/"/>
      <tstamp>61DBC04A</tstamp>
    </comp>
    <comp ref="R15">
      <value>10k</value>
      <footprint>Resistor_SMD:R_0603_1608Metric_Pad1.05x0.95mm_HandSolder</footprint>
      <datasheet>~</datasheet>
      <libsource lib="Device" part="R" description="Resistor"/>
      <sheetpath names="/" tstamps="/"/>
      <tstamp>61DBC050</tstamp>
    </comp>
    <comp ref="R14">
      <value>10k</value>
      <footprint>Resistor_SMD:R_0603_1608Metric_Pad1.05x0.95mm_HandSolder</footprint>
      <datasheet>~</datasheet>
      <libsource lib="Device" part="R" description="Resistor"/>
      <sheetpath names="/" tstamps="/"/>
      <tstamp>61DBC056</tstamp>
    </comp>
    <comp ref="R13">
      <value>10k</value>
      <footprint>Resistor_SMD:R_0603_1608Metric_Pad1.05x0.95mm_HandSolder</footprint>
      <datasheet>~</datasheet>
      <libsource lib="Device" part="R" description="Resistor"/>
      <sheetpath names="/" tstamps="/"/>
      <tstamp>61DBC05C</tstamp>
    </comp>
    <comp ref="U7">
      <value>TXB0104D</value>
      <footprint>Package_SO:SOIC-14_3.9x8.7mm_P1.27mm</footprint>
      <datasheet>http://www.ti.com/lit/ds/symlink/txb0104.pdf</datasheet>
      <libsource lib="Logic_LevelTranslator" part="TXB0104D" description="4-Bit Bidirectional Voltage-Level Translator, Auto Direction Sensing and ±15-kV ESD Protection, 1.2 - 3.6V APort, 1.65 - 5.5V BPort, SOIC-14"/>
      <sheetpath names="/" tstamps="/"/>
      <tstamp>6201B22A</tstamp>
    </comp>
    <comp ref="R25">
      <value>DNI</value>
      <footprint>Resistor_SMD:R_0603_1608Metric_Pad1.05x0.95mm_HandSolder</footprint>
      <datasheet>~</datasheet>
      <libsource lib="Device" part="R" description="Resistor"/>
      <sheetpath names="/" tstamps="/"/>
      <tstamp>62197B49</tstamp>
    </comp>
    <comp ref="R24">
      <value>DNI</value>
      <footprint>Resistor_SMD:R_0603_1608Metric_Pad1.05x0.95mm_HandSolder</footprint>
      <datasheet>~</datasheet>
      <libsource lib="Device" part="R" description="Resistor"/>
      <sheetpath names="/" tstamps="/"/>
      <tstamp>62197B4F</tstamp>
    </comp>
    <comp ref="R23">
      <value>DNI</value>
      <footprint>Resistor_SMD:R_0603_1608Metric_Pad1.05x0.95mm_HandSolder</footprint>
      <datasheet>~</datasheet>
      <libsource lib="Device" part="R" description="Resistor"/>
      <sheetpath names="/" tstamps="/"/>
      <tstamp>62197B55</tstamp>
    </comp>
    <comp ref="R22">
      <value>DNI</value>
      <footprint>Resistor_SMD:R_0603_1608Metric_Pad1.05x0.95mm_HandSolder</footprint>
      <datasheet>~</datasheet>
      <libsource lib="Device" part="R" description="Resistor"/>
      <sheetpath names="/" tstamps="/"/>
      <tstamp>62197B5B</tstamp>
    </comp>
    <comp ref="Y2">
      <value>Crystal</value>
      <footprint>Crystal:Crystal_SMD_3215-2Pin_3.2x1.5mm</footprint>
      <datasheet>~</datasheet>
      <libsource lib="Device" part="Crystal" description="Two pin crystal"/>
      <sheetpath names="/Sheet6227BA78/" tstamps="/6227BA79/"/>
      <tstamp>61DFCD98</tstamp>
    </comp>
    <comp ref="C4">
      <value>CP1_Small</value>
      <footprint>Capacitor_SMD:C_0603_1608Metric_Pad1.05x0.95mm_HandSolder</footprint>
      <datasheet>~</datasheet>
      <libsource lib="Device" part="CP1_Small" description="Polarized capacitor, small US symbol"/>
      <sheetpath names="/Sheet6227BA78/" tstamps="/6227BA79/"/>
      <tstamp>61DFE019</tstamp>
    </comp>
    <comp ref="C5">
      <value>CP1_Small</value>
      <footprint>Capacitor_SMD:C_0603_1608Metric_Pad1.05x0.95mm_HandSolder</footprint>
      <datasheet>~</datasheet>
      <libsource lib="Device" part="CP1_Small" description="Polarized capacitor, small US symbol"/>
      <sheetpath names="/Sheet6227BA78/" tstamps="/6227BA79/"/>
      <tstamp>61DFF4FA</tstamp>
    </comp>
    <comp ref="Y1">
      <value>Crystal</value>
      <footprint>Crystal:Crystal_HC49-U_Vertical</footprint>
      <datasheet>https://www.digikey.com/product-detail/en/txc-corporation/9B-16-000MEEJ-B/887-1244-ND/2207664</datasheet>
      <libsource lib="Device" part="Crystal" description="Two pin crystal"/>
      <sheetpath names="/Sheet6227BA78/" tstamps="/6227BA79/"/>
      <tstamp>61E0F5CB</tstamp>
    </comp>
    <comp ref="C1">
      <value>CP1_Small</value>
      <footprint>Capacitor_SMD:C_0603_1608Metric_Pad1.05x0.95mm_HandSolder</footprint>
      <datasheet>https://www.digikey.com/product-detail/en/murata-electronics/GRM1885C1H200JA01D/490-1410-1-ND/587632</datasheet>
      <libsource lib="Device" part="CP1_Small" description="Polarized capacitor, small US symbol"/>
      <sheetpath names="/Sheet6227BA78/" tstamps="/6227BA79/"/>
      <tstamp>61E0F5D1</tstamp>
    </comp>
    <comp ref="C2">
      <value>CP1_Small</value>
      <footprint>Capacitor_SMD:C_0603_1608Metric_Pad1.05x0.95mm_HandSolder</footprint>
      <datasheet>https://www.digikey.com/product-detail/en/murata-electronics/GRM1885C1H200JA01D/490-1410-1-ND/587632</datasheet>
      <libsource lib="Device" part="CP1_Small" description="Polarized capacitor, small US symbol"/>
      <sheetpath names="/Sheet6227BA78/" tstamps="/6227BA79/"/>
      <tstamp>61E0F5D7</tstamp>
    </comp>
    <comp ref="R36">
      <value>100k</value>
      <footprint>Resistor_SMD:R_0603_1608Metric_Pad1.05x0.95mm_HandSolder</footprint>
      <datasheet>~</datasheet>
      <libsource lib="Device" part="R" description="Resistor"/>
      <sheetpath names="/Sheet6227BA78/" tstamps="/6227BA79/"/>
      <tstamp>61EACEB3</tstamp>
    </comp>
    <comp ref="R42">
      <value>100k</value>
      <footprint>Resistor_SMD:R_0603_1608Metric_Pad1.05x0.95mm_HandSolder</footprint>
      <datasheet>~</datasheet>
      <libsource lib="Device" part="R" description="Resistor"/>
      <sheetpath names="/Sheet6227BA78/" tstamps="/6227BA79/"/>
      <tstamp>61FB8942</tstamp>
    </comp>
    <comp ref="U10">
      <value>TXB0104D</value>
      <footprint>Package_SO:SOIC-14_3.9x8.7mm_P1.27mm</footprint>
      <datasheet>http://www.ti.com/lit/ds/symlink/txb0104.pdf</datasheet>
      <libsource lib="Logic_LevelTranslator" part="TXB0104D" description="4-Bit Bidirectional Voltage-Level Translator, Auto Direction Sensing and ±15-kV ESD Protection, 1.2 - 3.6V APort, 1.65 - 5.5V BPort, SOIC-14"/>
      <sheetpath names="/Sheet6227BA78/" tstamps="/6227BA79/"/>
      <tstamp>61FE63C6</tstamp>
    </comp>
    <comp ref="C10">
      <value>1u</value>
      <footprint>Capacitor_SMD:C_0603_1608Metric_Pad1.05x0.95mm_HandSolder</footprint>
      <datasheet>~</datasheet>
      <libsource lib="Device" part="C" description="Unpolarized capacitor"/>
      <sheetpath names="/Sheet6227BA78/" tstamps="/6227BA79/"/>
      <tstamp>620CC6D5</tstamp>
    </comp>
    <comp ref="U9">
      <value>TXB0104D</value>
      <footprint>Package_SO:SOIC-14_3.9x8.7mm_P1.27mm</footprint>
      <datasheet>http://www.ti.com/lit/ds/symlink/txb0104.pdf</datasheet>
      <libsource lib="Logic_LevelTranslator" part="TXB0104D" description="4-Bit Bidirectional Voltage-Level Translator, Auto Direction Sensing and ±15-kV ESD Protection, 1.2 - 3.6V APort, 1.65 - 5.5V BPort, SOIC-14"/>
      <sheetpath names="/Sheet6227BA78/" tstamps="/6227BA79/"/>
      <tstamp>620F82A7</tstamp>
    </comp>
    <comp ref="C9">
      <value>1u</value>
      <footprint>Capacitor_SMD:C_0603_1608Metric_Pad1.05x0.95mm_HandSolder</footprint>
      <datasheet>~</datasheet>
      <libsource lib="Device" part="C" description="Unpolarized capacitor"/>
      <sheetpath names="/Sheet6227BA78/" tstamps="/6227BA79/"/>
      <tstamp>620F82BC</tstamp>
    </comp>
    <comp ref="U11">
      <value>TXB0104D</value>
      <footprint>Package_SO:SOIC-14_3.9x8.7mm_P1.27mm</footprint>
      <datasheet>http://www.ti.com/lit/ds/symlink/txb0104.pdf</datasheet>
      <libsource lib="Logic_LevelTranslator" part="TXB0104D" description="4-Bit Bidirectional Voltage-Level Translator, Auto Direction Sensing and ±15-kV ESD Protection, 1.2 - 3.6V APort, 1.65 - 5.5V BPort, SOIC-14"/>
      <sheetpath names="/Sheet6227BA78/" tstamps="/6227BA79/"/>
      <tstamp>621A3BA0</tstamp>
    </comp>
    <comp ref="C11">
      <value>1u</value>
      <footprint>Capacitor_SMD:C_0603_1608Metric_Pad1.05x0.95mm_HandSolder</footprint>
      <datasheet>~</datasheet>
      <libsource lib="Device" part="C" description="Unpolarized capacitor"/>
      <sheetpath names="/Sheet6227BA78/" tstamps="/6227BA79/"/>
      <tstamp>621A3BB4</tstamp>
    </comp>
    <comp ref="U12">
      <value>TXB0104D</value>
      <footprint>Package_SO:SOIC-14_3.9x8.7mm_P1.27mm</footprint>
      <datasheet>http://www.ti.com/lit/ds/symlink/txb0104.pdf</datasheet>
      <libsource lib="Logic_LevelTranslator" part="TXB0104D" description="4-Bit Bidirectional Voltage-Level Translator, Auto Direction Sensing and ±15-kV ESD Protection, 1.2 - 3.6V APort, 1.65 - 5.5V BPort, SOIC-14"/>
      <sheetpath names="/Sheet6227BA78/" tstamps="/6227BA79/"/>
      <tstamp>621F13EC</tstamp>
    </comp>
    <comp ref="C12">
      <value>1u</value>
      <footprint>Capacitor_SMD:C_0603_1608Metric_Pad1.05x0.95mm_HandSolder</footprint>
      <datasheet>~</datasheet>
      <libsource lib="Device" part="C" description="Unpolarized capacitor"/>
      <sheetpath names="/Sheet6227BA78/" tstamps="/6227BA79/"/>
      <tstamp>621F1400</tstamp>
    </comp>
    <comp ref="J25">
      <value>Conn_01x08_Male</value>
      <footprint>Connector_PinHeader_2.54mm:PinHeader_1x08_P2.54mm_Vertical</footprint>
      <datasheet>~</datasheet>
      <libsource lib="Connector" part="Conn_01x08_Male" description="Generic connector, single row, 01x08, script generated (kicad-library-utils/schlib/autogen/connector/)"/>
      <sheetpath names="/Sheet6227BA78/" tstamps="/6227BA79/"/>
      <tstamp>62273AAC</tstamp>
    </comp>
    <comp ref="J9">
      <value>Conn_01x01_Male</value>
      <footprint>Connector_Pin:Pin_D1.3mm_L11.0mm</footprint>
      <datasheet>~</datasheet>
      <libsource lib="Connector" part="Conn_01x01_Male" description="Generic connector, single row, 01x01, script generated (kicad-library-utils/schlib/autogen/connector/)"/>
      <sheetpath names="/Sheet6227BA78/" tstamps="/6227BA79/"/>
      <tstamp>6236C3E3</tstamp>
    </comp>
    <comp ref="J10">
      <value>Conn_01x01_Male</value>
      <footprint>Connector_Pin:Pin_D1.3mm_L11.0mm</footprint>
      <datasheet>~</datasheet>
      <libsource lib="Connector" part="Conn_01x01_Male" description="Generic connector, single row, 01x01, script generated (kicad-library-utils/schlib/autogen/connector/)"/>
      <sheetpath names="/Sheet6227BA78/" tstamps="/6227BA79/"/>
      <tstamp>6236D482</tstamp>
    </comp>
    <comp ref="J11">
      <value>Conn_01x01_Male</value>
      <footprint>Connector_Pin:Pin_D1.3mm_L11.0mm</footprint>
      <datasheet>~</datasheet>
      <libsource lib="Connector" part="Conn_01x01_Male" description="Generic connector, single row, 01x01, script generated (kicad-library-utils/schlib/autogen/connector/)"/>
      <sheetpath names="/Sheet6227BA78/" tstamps="/6227BA79/"/>
      <tstamp>62377ED1</tstamp>
    </comp>
    <comp ref="J12">
      <value>Conn_01x01_Male</value>
      <footprint>Connector_Pin:Pin_D1.3mm_L11.0mm</footprint>
      <datasheet>~</datasheet>
      <libsource lib="Connector" part="Conn_01x01_Male" description="Generic connector, single row, 01x01, script generated (kicad-library-utils/schlib/autogen/connector/)"/>
      <sheetpath names="/Sheet6227BA78/" tstamps="/6227BA79/"/>
      <tstamp>62382DB5</tstamp>
    </comp>
    <comp ref="J13">
      <value>Conn_01x01_Male</value>
      <footprint>Connector_Pin:Pin_D1.3mm_L11.0mm</footprint>
      <datasheet>~</datasheet>
      <libsource lib="Connector" part="Conn_01x01_Male" description="Generic connector, single row, 01x01, script generated (kicad-library-utils/schlib/autogen/connector/)"/>
      <sheetpath names="/Sheet6227BA78/" tstamps="/6227BA79/"/>
      <tstamp>6238D804</tstamp>
    </comp>
    <comp ref="J14">
      <value>Conn_01x01_Male</value>
      <footprint>Connector_Pin:Pin_D1.3mm_L11.0mm</footprint>
      <datasheet>~</datasheet>
      <libsource lib="Connector" part="Conn_01x01_Male" description="Generic connector, single row, 01x01, script generated (kicad-library-utils/schlib/autogen/connector/)"/>
      <sheetpath names="/Sheet6227BA78/" tstamps="/6227BA79/"/>
      <tstamp>623980D9</tstamp>
    </comp>
    <comp ref="J15">
      <value>Conn_01x01_Male</value>
      <footprint>Connector_Pin:Pin_D1.3mm_L11.0mm</footprint>
      <datasheet>~</datasheet>
      <libsource lib="Connector" part="Conn_01x01_Male" description="Generic connector, single row, 01x01, script generated (kicad-library-utils/schlib/autogen/connector/)"/>
      <sheetpath names="/Sheet6227BA78/" tstamps="/6227BA79/"/>
      <tstamp>623A2A56</tstamp>
    </comp>
    <comp ref="J16">
      <value>Conn_01x01_Male</value>
      <footprint>Connector_Pin:Pin_D1.3mm_L11.0mm</footprint>
      <datasheet>~</datasheet>
      <libsource lib="Connector" part="Conn_01x01_Male" description="Generic connector, single row, 01x01, script generated (kicad-library-utils/schlib/autogen/connector/)"/>
      <sheetpath names="/Sheet6227BA78/" tstamps="/6227BA79/"/>
      <tstamp>623B827A</tstamp>
    </comp>
    <comp ref="J17">
      <value>Conn_01x01_Male</value>
      <footprint>Connector_Pin:Pin_D1.3mm_L11.0mm</footprint>
      <datasheet>~</datasheet>
      <libsource lib="Connector" part="Conn_01x01_Male" description="Generic connector, single row, 01x01, script generated (kicad-library-utils/schlib/autogen/connector/)"/>
      <sheetpath names="/Sheet6227BA78/" tstamps="/6227BA79/"/>
      <tstamp>623C5FB5</tstamp>
    </comp>
    <comp ref="J18">
      <value>Conn_01x01_Male</value>
      <footprint>Connector_Pin:Pin_D1.3mm_L11.0mm</footprint>
      <datasheet>~</datasheet>
      <libsource lib="Connector" part="Conn_01x01_Male" description="Generic connector, single row, 01x01, script generated (kicad-library-utils/schlib/autogen/connector/)"/>
      <sheetpath names="/Sheet6227BA78/" tstamps="/6227BA79/"/>
      <tstamp>623C5FBB</tstamp>
    </comp>
    <comp ref="J19">
      <value>Conn_01x01_Male</value>
      <footprint>Connector_Pin:Pin_D1.3mm_L11.0mm</footprint>
      <datasheet>~</datasheet>
      <libsource lib="Connector" part="Conn_01x01_Male" description="Generic connector, single row, 01x01, script generated (kicad-library-utils/schlib/autogen/connector/)"/>
      <sheetpath names="/Sheet6227BA78/" tstamps="/6227BA79/"/>
      <tstamp>623C5FC1</tstamp>
    </comp>
    <comp ref="J20">
      <value>Conn_01x01_Male</value>
      <footprint>Connector_Pin:Pin_D1.3mm_L11.0mm</footprint>
      <datasheet>~</datasheet>
      <libsource lib="Connector" part="Conn_01x01_Male" description="Generic connector, single row, 01x01, script generated (kicad-library-utils/schlib/autogen/connector/)"/>
      <sheetpath names="/Sheet6227BA78/" tstamps="/6227BA79/"/>
      <tstamp>623C5FC7</tstamp>
    </comp>
    <comp ref="J21">
      <value>Conn_01x01_Male</value>
      <footprint>Connector_Pin:Pin_D1.3mm_L11.0mm</footprint>
      <datasheet>~</datasheet>
      <libsource lib="Connector" part="Conn_01x01_Male" description="Generic connector, single row, 01x01, script generated (kicad-library-utils/schlib/autogen/connector/)"/>
      <sheetpath names="/Sheet6227BA78/" tstamps="/6227BA79/"/>
      <tstamp>623C5FCD</tstamp>
    </comp>
    <comp ref="J22">
      <value>Conn_01x01_Male</value>
      <footprint>Connector_Pin:Pin_D1.3mm_L11.0mm</footprint>
      <datasheet>~</datasheet>
      <libsource lib="Connector" part="Conn_01x01_Male" description="Generic connector, single row, 01x01, script generated (kicad-library-utils/schlib/autogen/connector/)"/>
      <sheetpath names="/Sheet6227BA78/" tstamps="/6227BA79/"/>
      <tstamp>623C5FD3</tstamp>
    </comp>
    <comp ref="J23">
      <value>Conn_01x01_Male</value>
      <footprint>Connector_Pin:Pin_D1.3mm_L11.0mm</footprint>
      <datasheet>~</datasheet>
      <libsource lib="Connector" part="Conn_01x01_Male" description="Generic connector, single row, 01x01, script generated (kicad-library-utils/schlib/autogen/connector/)"/>
      <sheetpath names="/Sheet6227BA78/" tstamps="/6227BA79/"/>
      <tstamp>623C5FD9</tstamp>
    </comp>
    <comp ref="J24">
      <value>Conn_01x01_Male</value>
      <footprint>Connector_Pin:Pin_D1.3mm_L11.0mm</footprint>
      <datasheet>~</datasheet>
      <libsource lib="Connector" part="Conn_01x01_Male" description="Generic connector, single row, 01x01, script generated (kicad-library-utils/schlib/autogen/connector/)"/>
      <sheetpath names="/Sheet6227BA78/" tstamps="/6227BA79/"/>
      <tstamp>623C5FDF</tstamp>
    </comp>
    <comp ref="J5">
      <value>Conn_01x06_Male</value>
      <footprint>Connector_PinHeader_2.54mm:PinHeader_1x06_P2.54mm_Vertical</footprint>
      <datasheet>~</datasheet>
      <libsource lib="Connector" part="Conn_01x06_Male" description="Generic connector, single row, 01x06, script generated (kicad-library-utils/schlib/autogen/connector/)"/>
      <sheetpath names="/Sheet6227BA78/" tstamps="/6227BA79/"/>
      <tstamp>624CD2D3</tstamp>
    </comp>
    <comp ref="J2">
      <value>Conn_01x06_Male</value>
      <footprint>Connector_PinHeader_2.54mm:PinHeader_1x06_P2.54mm_Vertical</footprint>
      <datasheet>~</datasheet>
      <libsource lib="Connector" part="Conn_01x06_Male" description="Generic connector, single row, 01x06, script generated (kicad-library-utils/schlib/autogen/connector/)"/>
      <sheetpath names="/Sheet6227BA78/" tstamps="/6227BA79/"/>
      <tstamp>6253657F</tstamp>
    </comp>
    <comp ref="R27">
      <value>10k</value>
      <footprint>Resistor_SMD:R_0603_1608Metric_Pad1.05x0.95mm_HandSolder</footprint>
      <datasheet>~</datasheet>
      <libsource lib="Device" part="R" description="Resistor"/>
      <sheetpath names="/Sheet6227BA78/" tstamps="/6227BA79/"/>
      <tstamp>61E2F7EA</tstamp>
    </comp>
    <comp ref="R26">
      <value>DNI</value>
      <footprint>Resistor_SMD:R_0603_1608Metric_Pad1.05x0.95mm_HandSolder</footprint>
      <datasheet>~</datasheet>
      <libsource lib="Device" part="R" description="Resistor"/>
      <sheetpath names="/Sheet6227BA78/" tstamps="/6227BA79/"/>
      <tstamp>61E2D845</tstamp>
    </comp>
    <comp ref="U8">
      <value>STM32L431RCTx</value>
      <footprint>Package_QFP:LQFP-64_10x10mm_P0.5mm</footprint>
      <datasheet>http://www.st.com/st-web-ui/static/active/en/resource/technical/document/datasheet/DM00257211.pdf</datasheet>
      <libsource lib="MCU_ST_STM32L4" part="STM32L431RCTx" description="ARM Cortex-M4 MCU, 256KB flash, 64KB RAM, 80MHz, 1.71-3.6V, 52 GPIO, LQFP-64"/>
      <sheetpath names="/Sheet6227BA78/" tstamps="/6227BA79/"/>
      <tstamp>61E2581B</tstamp>
    </comp>
    <comp ref="R28">
      <value>100k</value>
      <footprint>Resistor_SMD:R_0603_1608Metric_Pad1.05x0.95mm_HandSolder</footprint>
      <datasheet>~</datasheet>
      <libsource lib="Device" part="R" description="Resistor"/>
      <sheetpath names="/Sheet6227BA78/" tstamps="/6227BA79/"/>
      <tstamp>61E1E52E</tstamp>
    </comp>
    <comp ref="SW1">
      <value>SW_Push</value>
      <footprint>Connector_PinHeader_2.54mm:PinHeader_1x02_P2.54mm_Vertical</footprint>
      <datasheet>~</datasheet>
      <libsource lib="Switch" part="SW_Push" description="Push button switch, generic, two pins"/>
      <sheetpath names="/Sheet6227BA78/" tstamps="/6227BA79/"/>
      <tstamp>61E1C3F5</tstamp>
    </comp>
    <comp ref="C3">
      <value>1u</value>
      <footprint>Capacitor_SMD:C_0603_1608Metric_Pad1.05x0.95mm_HandSolder</footprint>
      <datasheet>~</datasheet>
      <libsource lib="Device" part="C" description="Unpolarized capacitor"/>
      <sheetpath names="/Sheet6227BA78/" tstamps="/6227BA79/"/>
      <tstamp>61E1A595</tstamp>
    </comp>
    <comp ref="C6">
      <value>0.1u</value>
      <footprint>Capacitor_SMD:C_0603_1608Metric_Pad1.05x0.95mm_HandSolder</footprint>
      <datasheet>~</datasheet>
      <libsource lib="Device" part="C" description="Unpolarized capacitor"/>
      <sheetpath names="/Sheet6227BA78/" tstamps="/6227BA79/"/>
      <tstamp>61E19746</tstamp>
    </comp>
    <comp ref="C7">
      <value>0.01u</value>
      <footprint>Capacitor_SMD:C_0603_1608Metric_Pad1.05x0.95mm_HandSolder</footprint>
      <datasheet>~</datasheet>
      <libsource lib="Device" part="C" description="Unpolarized capacitor"/>
      <sheetpath names="/Sheet6227BA78/" tstamps="/6227BA79/"/>
      <tstamp>61E16FEC</tstamp>
    </comp>
    <comp ref="C8">
      <value>10u</value>
      <footprint>Capacitor_SMD:C_0603_1608Metric_Pad1.05x0.95mm_HandSolder</footprint>
      <datasheet>~</datasheet>
      <libsource lib="Device" part="C" description="Unpolarized capacitor"/>
      <sheetpath names="/Sheet6227BA78/" tstamps="/6227BA79/"/>
      <tstamp>61E115D2</tstamp>
    </comp>
    <comp ref="R29">
      <value>0</value>
      <footprint>Resistor_SMD:R_0603_1608Metric_Pad1.05x0.95mm_HandSolder</footprint>
      <datasheet>~</datasheet>
      <libsource lib="Device" part="R" description="Resistor"/>
      <sheetpath names="/Sheet6227BA78/" tstamps="/6227BA79/"/>
      <tstamp>61E0FBAA</tstamp>
    </comp>
    <comp ref="R33">
      <value>100k</value>
      <footprint>Resistor_SMD:R_0603_1608Metric_Pad1.05x0.95mm_HandSolder</footprint>
      <datasheet>~</datasheet>
      <libsource lib="Device" part="R" description="Resistor"/>
      <sheetpath names="/Sheet6227BA78/" tstamps="/6227BA79/"/>
      <tstamp>626580FD</tstamp>
    </comp>
    <comp ref="J8">
      <value>Conn_01x02_Male</value>
      <footprint>Connector_PinHeader_2.54mm:PinHeader_1x02_P2.54mm_Vertical</footprint>
      <datasheet>~</datasheet>
      <libsource lib="Connector" part="Conn_01x02_Male" description="Generic connector, single row, 01x02, script generated (kicad-library-utils/schlib/autogen/connector/)"/>
      <sheetpath names="/Sheet6227BA78/" tstamps="/6227BA79/"/>
      <tstamp>626359BD</tstamp>
    </comp>
    <comp ref="R34">
      <value>1k</value>
      <footprint>Resistor_SMD:R_0603_1608Metric_Pad1.05x0.95mm_HandSolder</footprint>
      <datasheet>~</datasheet>
      <libsource lib="Device" part="R" description="Resistor"/>
      <sheetpath names="/Sheet6227BA78/" tstamps="/6227BA79/"/>
      <tstamp>62616639</tstamp>
    </comp>
    <comp ref="Q2">
      <value>BSS138</value>
      <footprint>Package_TO_SOT_SMD:SOT-23</footprint>
      <datasheet>https://www.fairchildsemi.com/datasheets/BS/BSS138.pdf</datasheet>
      <libsource lib="Transistor_FET" part="BSS138" description="50V Vds, 0.22A Id, N-Channel MOSFET, SOT-23"/>
      <sheetpath names="/Sheet6227BA78/" tstamps="/6227BA79/"/>
      <tstamp>626126D7</tstamp>
    </comp>
    <comp ref="R31">
      <value>100k</value>
      <footprint>Resistor_SMD:R_0603_1608Metric_Pad1.05x0.95mm_HandSolder</footprint>
      <datasheet>~</datasheet>
      <libsource lib="Device" part="R" description="Resistor"/>
      <sheetpath names="/Sheet6227BA78/" tstamps="/6227BA79/"/>
      <tstamp>6272C7A6</tstamp>
    </comp>
    <comp ref="J6">
      <value>Conn_01x02_Male</value>
      <footprint>Connector_PinHeader_2.54mm:PinHeader_1x02_P2.54mm_Vertical</footprint>
      <datasheet>~</datasheet>
      <libsource lib="Connector" part="Conn_01x02_Male" description="Generic connector, single row, 01x02, script generated (kicad-library-utils/schlib/autogen/connector/)"/>
      <sheetpath names="/Sheet6227BA78/" tstamps="/6227BA79/"/>
      <tstamp>6272C7B6</tstamp>
    </comp>
    <comp ref="R32">
      <value>1k</value>
      <footprint>Resistor_SMD:R_0603_1608Metric_Pad1.05x0.95mm_HandSolder</footprint>
      <datasheet>~</datasheet>
      <libsource lib="Device" part="R" description="Resistor"/>
      <sheetpath names="/Sheet6227BA78/" tstamps="/6227BA79/"/>
      <tstamp>6272C7BC</tstamp>
    </comp>
    <comp ref="Q1">
      <value>BSS138</value>
      <footprint>Package_TO_SOT_SMD:SOT-23</footprint>
      <datasheet>https://www.fairchildsemi.com/datasheets/BS/BSS138.pdf</datasheet>
      <libsource lib="Transistor_FET" part="BSS138" description="50V Vds, 0.22A Id, N-Channel MOSFET, SOT-23"/>
      <sheetpath names="/Sheet6227BA78/" tstamps="/6227BA79/"/>
      <tstamp>6272C7C2</tstamp>
    </comp>
    <comp ref="J7">
      <value>Conn_01x06_Male</value>
      <footprint>Connector_PinHeader_2.54mm:PinHeader_1x06_P2.54mm_Vertical</footprint>
      <datasheet>~</datasheet>
      <libsource lib="Connector" part="Conn_01x06_Male" description="Generic connector, single row, 01x06, script generated (kicad-library-utils/schlib/autogen/connector/)"/>
      <sheetpath names="/Sheet6227BA78/" tstamps="/6227BA79/"/>
      <tstamp>6289740D</tstamp>
    </comp>
    <comp ref="R30">
      <value>1k</value>
      <footprint>Resistor_SMD:R_0603_1608Metric_Pad1.05x0.95mm_HandSolder</footprint>
      <datasheet>~</datasheet>
      <libsource lib="Device" part="R" description="Resistor"/>
      <sheetpath names="/Sheet6227BA78/" tstamps="/6227BA79/"/>
      <tstamp>629E3C38</tstamp>
    </comp>
    <comp ref="R37">
      <value>10k</value>
      <footprint>Resistor_SMD:R_0603_1608Metric_Pad1.05x0.95mm_HandSolder</footprint>
      <datasheet>~</datasheet>
      <libsource lib="Device" part="R" description="Resistor"/>
      <sheetpath names="/Sheet6227BA78/" tstamps="/6227BA79/"/>
      <tstamp>629FC126</tstamp>
    </comp>
    <comp ref="R38">
      <value>10k</value>
      <footprint>Resistor_SMD:R_0603_1608Metric_Pad1.05x0.95mm_HandSolder</footprint>
      <datasheet>~</datasheet>
      <libsource lib="Device" part="R" description="Resistor"/>
      <sheetpath names="/Sheet6227BA78/" tstamps="/6227BA79/"/>
      <tstamp>62A14239</tstamp>
    </comp>
    <comp ref="R39">
      <value>10k</value>
      <footprint>Resistor_SMD:R_0603_1608Metric_Pad1.05x0.95mm_HandSolder</footprint>
      <datasheet>~</datasheet>
      <libsource lib="Device" part="R" description="Resistor"/>
      <sheetpath names="/Sheet6227BA78/" tstamps="/6227BA79/"/>
      <tstamp>62A2C3B5</tstamp>
    </comp>
    <comp ref="J4">
      <value>Conn_01x02_Male</value>
      <footprint>Connector_PinHeader_2.54mm:PinHeader_1x02_P2.54mm_Vertical</footprint>
      <datasheet>~</datasheet>
      <libsource lib="Connector" part="Conn_01x02_Male" description="Generic connector, single row, 01x02, script generated (kicad-library-utils/schlib/autogen/connector/)"/>
      <sheetpath names="/Sheet6227BA78/" tstamps="/6227BA79/"/>
      <tstamp>62B6E07B</tstamp>
    </comp>
    <comp ref="R48">
      <value>1k</value>
      <footprint>Resistor_SMD:R_0603_1608Metric_Pad1.05x0.95mm_HandSolder</footprint>
      <datasheet>~</datasheet>
      <libsource lib="Device" part="R" description="Resistor"/>
      <sheetpath names="/Sheet6227BA78/" tstamps="/6227BA79/"/>
      <tstamp>627A4A37</tstamp>
    </comp>
    <comp ref="R44">
      <value>1k</value>
      <footprint>Resistor_SMD:R_0603_1608Metric_Pad1.05x0.95mm_HandSolder</footprint>
      <datasheet>~</datasheet>
      <libsource lib="Device" part="R" description="Resistor"/>
      <sheetpath names="/Sheet6227BA78/" tstamps="/6227BA79/"/>
      <tstamp>627C1EB9</tstamp>
    </comp>
    <comp ref="R49">
      <value>1k</value>
      <footprint>Resistor_SMD:R_0603_1608Metric_Pad1.05x0.95mm_HandSolder</footprint>
      <datasheet>~</datasheet>
      <libsource lib="Device" part="R" description="Resistor"/>
      <sheetpath names="/Sheet6227BA78/" tstamps="/6227BA79/"/>
      <tstamp>627DEAE0</tstamp>
    </comp>
    <comp ref="R45">
      <value>1k</value>
      <footprint>Resistor_SMD:R_0603_1608Metric_Pad1.05x0.95mm_HandSolder</footprint>
      <datasheet>~</datasheet>
      <libsource lib="Device" part="R" description="Resistor"/>
      <sheetpath names="/Sheet6227BA78/" tstamps="/6227BA79/"/>
      <tstamp>627FB36B</tstamp>
    </comp>
    <comp ref="R50">
      <value>1k</value>
      <footprint>Resistor_SMD:R_0603_1608Metric_Pad1.05x0.95mm_HandSolder</footprint>
      <datasheet>~</datasheet>
      <libsource lib="Device" part="R" description="Resistor"/>
      <sheetpath names="/Sheet6227BA78/" tstamps="/6227BA79/"/>
      <tstamp>62817FD1</tstamp>
    </comp>
    <comp ref="R43">
      <value>1k</value>
      <footprint>Resistor_SMD:R_0603_1608Metric_Pad1.05x0.95mm_HandSolder</footprint>
      <datasheet>~</datasheet>
      <libsource lib="Device" part="R" description="Resistor"/>
      <sheetpath names="/Sheet6227BA78/" tstamps="/6227BA79/"/>
      <tstamp>6297D8AD</tstamp>
    </comp>
    <comp ref="R46">
      <value>1k</value>
      <footprint>Resistor_SMD:R_0603_1608Metric_Pad1.05x0.95mm_HandSolder</footprint>
      <datasheet>~</datasheet>
      <libsource lib="Device" part="R" description="Resistor"/>
      <sheetpath names="/Sheet6227BA78/" tstamps="/6227BA79/"/>
      <tstamp>62A3356D</tstamp>
    </comp>
    <comp ref="R47">
      <value>1k</value>
      <footprint>Resistor_SMD:R_0603_1608Metric_Pad1.05x0.95mm_HandSolder</footprint>
      <datasheet>~</datasheet>
      <libsource lib="Device" part="R" description="Resistor"/>
      <sheetpath names="/Sheet6227BA78/" tstamps="/6227BA79/"/>
      <tstamp>62AB001F</tstamp>
    </comp>
    <comp ref="J26">
      <value>Conn_01x08_Male</value>
      <footprint>Connector_PinHeader_2.54mm:PinHeader_1x08_P2.54mm_Vertical</footprint>
      <datasheet>~</datasheet>
      <libsource lib="Connector" part="Conn_01x08_Male" description="Generic connector, single row, 01x08, script generated (kicad-library-utils/schlib/autogen/connector/)"/>
      <sheetpath names="/Sheet6227BA78/" tstamps="/6227BA79/"/>
      <tstamp>62EDA149</tstamp>
    </comp>
    <comp ref="C15">
      <value>DNI</value>
      <footprint>Capacitor_THT:CP_Radial_Tantal_D10.5mm_P5.00mm</footprint>
      <datasheet>~</datasheet>
      <libsource lib="Device" part="C" description="Unpolarized capacitor"/>
      <sheetpath names="/Sheet6227BA78/" tstamps="/6227BA79/"/>
      <tstamp>6356197E</tstamp>
    </comp>
    <comp ref="C19">
      <value>DNI</value>
      <footprint>Capacitor_THT:CP_Radial_Tantal_D10.5mm_P5.00mm</footprint>
      <datasheet>~</datasheet>
      <libsource lib="Device" part="C" description="Unpolarized capacitor"/>
      <sheetpath names="/Sheet6227BA78/" tstamps="/6227BA79/"/>
      <tstamp>63580E11</tstamp>
    </comp>
    <comp ref="C18">
      <value>DNI</value>
      <footprint>Capacitor_THT:CP_Radial_Tantal_D10.5mm_P5.00mm</footprint>
      <datasheet>~</datasheet>
      <libsource lib="Device" part="C" description="Unpolarized capacitor"/>
      <sheetpath names="/Sheet6227BA78/" tstamps="/6227BA79/"/>
      <tstamp>6361C708</tstamp>
    </comp>
    <comp ref="C22">
      <value>DNI</value>
      <footprint>Capacitor_THT:CP_Radial_Tantal_D10.5mm_P5.00mm</footprint>
      <datasheet>~</datasheet>
      <libsource lib="Device" part="C" description="Unpolarized capacitor"/>
      <sheetpath names="/Sheet6227BA78/" tstamps="/6227BA79/"/>
      <tstamp>6363B734</tstamp>
    </comp>
  </components>
  <libparts>
    <libpart lib="Connector" part="Conn_01x01_Male">
      <description>Generic connector, single row, 01x01, script generated (kicad-library-utils/schlib/autogen/connector/)</description>
      <docs>~</docs>
      <footprints>
        <fp>Connector*:*</fp>
      </footprints>
      <fields>
        <field name="Reference">J</field>
        <field name="Value">Conn_01x01_Male</field>
      </fields>
      <pins>
        <pin num="1" name="Pin_1" type="passive"/>
      </pins>
    </libpart>
    <libpart lib="Connector" part="Conn_01x02_Male">
      <description>Generic connector, single row, 01x02, script generated (kicad-library-utils/schlib/autogen/connector/)</description>
      <docs>~</docs>
      <footprints>
        <fp>Connector*:*_1x??_*</fp>
      </footprints>
      <fields>
        <field name="Reference">J</field>
        <field name="Value">Conn_01x02_Male</field>
      </fields>
      <pins>
        <pin num="1" name="Pin_1" type="passive"/>
        <pin num="2" name="Pin_2" type="passive"/>
      </pins>
    </libpart>
    <libpart lib="Connector" part="Conn_01x06_Male">
      <description>Generic connector, single row, 01x06, script generated (kicad-library-utils/schlib/autogen/connector/)</description>
      <docs>~</docs>
      <footprints>
        <fp>Connector*:*_1x??_*</fp>
      </footprints>
      <fields>
        <field name="Reference">J</field>
        <field name="Value">Conn_01x06_Male</field>
      </fields>
      <pins>
        <pin num="1" name="Pin_1" type="passive"/>
        <pin num="2" name="Pin_2" type="passive"/>
        <pin num="3" name="Pin_3" type="passive"/>
        <pin num="4" name="Pin_4" type="passive"/>
        <pin num="5" name="Pin_5" type="passive"/>
        <pin num="6" name="Pin_6" type="passive"/>
      </pins>
    </libpart>
    <libpart lib="Connector" part="Conn_01x08_Male">
      <description>Generic connector, single row, 01x08, script generated (kicad-library-utils/schlib/autogen/connector/)</description>
      <docs>~</docs>
      <footprints>
        <fp>Connector*:*_1x??_*</fp>
      </footprints>
      <fields>
        <field name="Reference">J</field>
        <field name="Value">Conn_01x08_Male</field>
      </fields>
      <pins>
        <pin num="1" name="Pin_1" type="passive"/>
        <pin num="2" name="Pin_2" type="passive"/>
        <pin num="3" name="Pin_3" type="passive"/>
        <pin num="4" name="Pin_4" type="passive"/>
        <pin num="5" name="Pin_5" type="passive"/>
        <pin num="6" name="Pin_6" type="passive"/>
        <pin num="7" name="Pin_7" type="passive"/>
        <pin num="8" name="Pin_8" type="passive"/>
      </pins>
    </libpart>
    <libpart lib="Device" part="C">
      <description>Unpolarized capacitor</description>
      <docs>~</docs>
      <footprints>
        <fp>C_*</fp>
      </footprints>
      <fields>
        <field name="Reference">C</field>
        <field name="Value">C</field>
      </fields>
      <pins>
        <pin num="1" name="~" type="passive"/>
        <pin num="2" name="~" type="passive"/>
      </pins>
    </libpart>
    <libpart lib="Device" part="CP1_Small">
      <description>Polarized capacitor, small US symbol</description>
      <docs>~</docs>
      <footprints>
        <fp>CP_*</fp>
      </footprints>
      <fields>
        <field name="Reference">C</field>
        <field name="Value">CP1_Small</field>
      </fields>
      <pins>
        <pin num="1" name="~" type="passive"/>
        <pin num="2" name="~" type="passive"/>
      </pins>
    </libpart>
    <libpart lib="Device" part="Crystal">
      <description>Two pin crystal</description>
      <docs>~</docs>
      <footprints>
        <fp>Crystal*</fp>
      </footprints>
      <fields>
        <field name="Reference">Y</field>
        <field name="Value">Crystal</field>
      </fields>
      <pins>
        <pin num="1" name="1" type="passive"/>
        <pin num="2" name="2" type="passive"/>
      </pins>
    </libpart>
    <libpart lib="Device" part="R">
      <description>Resistor</description>
      <docs>~</docs>
      <footprints>
        <fp>R_*</fp>
      </footprints>
      <fields>
        <field name="Reference">R</field>
        <field name="Value">R</field>
      </fields>
      <pins>
        <pin num="1" name="~" type="passive"/>
        <pin num="2" name="~" type="passive"/>
      </pins>
    </libpart>
    <libpart lib="Logic_LevelTranslator" part="TXB0104D">
      <description>4-Bit Bidirectional Voltage-Level Translator, Auto Direction Sensing and ±15-kV ESD Protection, 1.2 - 3.6V APort, 1.65 - 5.5V BPort, SOIC-14</description>
      <docs>http://www.ti.com/lit/ds/symlink/txb0104.pdf</docs>
      <footprints>
        <fp>SOIC*14*7mm*P1.27mm*</fp>
      </footprints>
      <fields>
        <field name="Reference">U</field>
        <field name="Value">TXB0104D</field>
        <field name="Footprint">Package_SO:SOIC-14_3.9x8.7mm_P1.27mm</field>
      </fields>
      <pins>
        <pin num="1" name="VCCA" type="power_in"/>
        <pin num="2" name="A1" type="BiDi"/>
        <pin num="3" name="A2" type="BiDi"/>
        <pin num="4" name="A3" type="BiDi"/>
        <pin num="5" name="A4" type="BiDi"/>
        <pin num="6" name="NC" type="NotConnected"/>
        <pin num="7" name="GND" type="power_in"/>
        <pin num="8" name="OE" type="input"/>
        <pin num="9" name="NC" type="NotConnected"/>
        <pin num="10" name="B4" type="BiDi"/>
        <pin num="11" name="B3" type="BiDi"/>
        <pin num="12" name="B2" type="BiDi"/>
        <pin num="13" name="B1" type="BiDi"/>
        <pin num="14" name="VCCB" type="power_in"/>
      </pins>
    </libpart>
    <libpart lib="MCU_ST_STM32L4" part="STM32L431RBTx">
      <aliases>
        <alias>STM32L431RCTx</alias>
      </aliases>
      <description>ARM Cortex-M4 MCU, 128KB flash, 64KB RAM, 80MHz, 1.71-3.6V, 52 GPIO, LQFP-64</description>
      <docs>http://www.st.com/st-web-ui/static/active/en/resource/technical/document/datasheet/DM00257211.pdf</docs>
      <footprints>
        <fp>LQFP*10x10mm*P0.5mm*</fp>
      </footprints>
      <fields>
        <field name="Reference">U</field>
        <field name="Value">STM32L431RBTx</field>
        <field name="Footprint">Package_QFP:LQFP-64_10x10mm_P0.5mm</field>
      </fields>
      <pins>
        <pin num="1" name="VBAT" type="power_in"/>
        <pin num="2" name="PC13/WKUP2" type="BiDi"/>
        <pin num="3" name="PC14_OSC32_IN" type="BiDi"/>
        <pin num="4" name="PC15_OSC32_OUT" type="BiDi"/>
        <pin num="5" name="PH0/OSCIN" type="input"/>
        <pin num="6" name="PH1/OSCOUT" type="input"/>
        <pin num="7" name="NRST" type="input"/>
        <pin num="8" name="PC0/LPUART1_RX" type="BiDi"/>
        <pin num="9" name="PC1/LPUART1_TX" type="BiDi"/>
        <pin num="10" name="PC2/SPI2_MISO" type="BiDi"/>
        <pin num="11" name="PC3/SPI2_MOSI" type="BiDi"/>
        <pin num="12" name="VSSA" type="power_in"/>
        <pin num="13" name="VDDA" type="power_in"/>
        <pin num="14" name="PA0_WKUP1" type="BiDi"/>
        <pin num="15" name="PA1_SPI1_SCK" type="BiDi"/>
        <pin num="16" name="PA2/LPUART1_TX/TIM2_CH3/WKUP4" type="BiDi"/>
        <pin num="17" name="PA3/LPUART1_RX/TIM2_CH4" type="BiDi"/>
        <pin num="18" name="VSS" type="power_in"/>
        <pin num="19" name="VDD" type="power_in"/>
        <pin num="20" name="PA4/SPI1_NSS/LPTIM2_OUT" type="BiDi"/>
        <pin num="21" name="PA5/SPI1_SCK/TIM2_CH1" type="BiDi"/>
        <pin num="22" name="PA6/TIM16_CH1" type="BiDi"/>
        <pin num="23" name="PA7/SPI1_MOSI" type="BiDi"/>
        <pin num="24" name="PC4/USART3_TX" type="BiDi"/>
        <pin num="25" name="PC5/USART3_RX/WKUP5" type="BiDi"/>
        <pin num="26" name="PB0" type="BiDi"/>
        <pin num="27" name="PB1" type="BiDi"/>
        <pin num="28" name="PB2" type="BiDi"/>
        <pin num="29" name="PB10/LPUART1_RX/SPI2_SCK/TIM2_CH3/I2C2_SCL" type="BiDi"/>
        <pin num="30" name="PB11/USART3_RX/LPUART1_TX/TIM2_CH4/I2C2_SDA" type="BiDi"/>
        <pin num="31" name="VSS" type="power_in"/>
        <pin num="32" name="VDD" type="power_in"/>
        <pin num="33" name="PB12" type="BiDi"/>
        <pin num="34" name="PB13" type="BiDi"/>
        <pin num="35" name="PB14/SPI2_MISO/TIM15_CH1" type="BiDi"/>
        <pin num="36" name="PB15/SPI2_MOSI/TIM15_CH2" type="BiDi"/>
        <pin num="37" name="PC6" type="BiDi"/>
        <pin num="38" name="PC7" type="BiDi"/>
        <pin num="39" name="PC8" type="BiDi"/>
        <pin num="40" name="PC9" type="BiDi"/>
        <pin num="41" name="PA8/TIM1_CH1" type="BiDi"/>
        <pin num="42" name="PA9/TIM1_CH2/USART1_TX" type="BiDi"/>
        <pin num="43" name="PA10/TIM1_CH3/USART1_RX" type="BiDi"/>
        <pin num="44" name="PA11/TIM1_CH4/SPI1_MISO" type="BiDi"/>
        <pin num="45" name="PA12/SPI_MOSI" type="BiDi"/>
        <pin num="46" name="PA13/SWDIO" type="BiDi"/>
        <pin num="47" name="VSS" type="power_in"/>
        <pin num="48" name="VDDUSB" type="power_in"/>
        <pin num="49" name="PA14/SWCLK" type="BiDi"/>
        <pin num="50" name="PA15/JTDI" type="BiDi"/>
        <pin num="51" name="PC10" type="BiDi"/>
        <pin num="52" name="PC11/SPI3_MISO/USART3_RX" type="BiDi"/>
        <pin num="53" name="PC12/SPI3_MOSI" type="BiDi"/>
        <pin num="54" name="PD2" type="BiDi"/>
        <pin num="55" name="PB3/JTDO-TRACE-SWO" type="BiDi"/>
        <pin num="56" name="PB4/NJTRST" type="BiDi"/>
        <pin num="57" name="PB5/SPI1_MOSI/SPI3_MOSI" type="BiDi"/>
        <pin num="58" name="PB6/USART1_TX" type="BiDi"/>
        <pin num="59" name="PB7/USART1_RX" type="BiDi"/>
        <pin num="60" name="PH3/BOOT0" type="BiDi"/>
        <pin num="61" name="PB8/I2C1_SCL/TIM16_CH1" type="BiDi"/>
        <pin num="62" name="PB9/I2C1_SDA/SPI2_NSS" type="BiDi"/>
        <pin num="63" name="VSS" type="power_in"/>
        <pin num="64" name="VDD" type="power_in"/>
      </pins>
    </libpart>
    <libpart lib="Mechanical" part="MountingHole">
      <description>Mounting Hole without connection</description>
      <docs>~</docs>
      <footprints>
        <fp>MountingHole*</fp>
      </footprints>
      <fields>
        <field name="Reference">H</field>
        <field name="Value">MountingHole</field>
      </fields>
    </libpart>
    <libpart lib="Regulator_Linear" part="LD39015M08R">
      <aliases>
        <alias>LD39015M10R</alias>
        <alias>LD39015M12R</alias>
        <alias>LD39015M125R</alias>
        <alias>LD39015M15R</alias>
        <alias>LD39015M18R</alias>
        <alias>LD39015M25R</alias>
        <alias>LD39015M33R</alias>
        <alias>TLV73310PDBV</alias>
        <alias>TLV73311PDBV</alias>
        <alias>TLV73312PDBV</alias>
        <alias>TLV73315PDBV</alias>
        <alias>TLV73318PDBV</alias>
        <alias>TLV73325PDBV</alias>
        <alias>TLV733285PDBV</alias>
        <alias>TLV73328PDBV</alias>
        <alias>TLV73330PDBV</alias>
        <alias>TLV73333PDBV</alias>
      </aliases>
      <description>150mA low quiescent current low noise voltage regulator, Fixed Output 0.8V, SOT-23-5</description>
      <docs>http://www.st.com/resource/en/datasheet/ld39015.pdf</docs>
      <footprints>
        <fp>SOT?23*</fp>
      </footprints>
      <fields>
        <field name="Reference">U</field>
        <field name="Value">LD39015M08R</field>
        <field name="Footprint">Package_TO_SOT_SMD:SOT-23-5</field>
      </fields>
      <pins>
        <pin num="1" name="IN" type="power_in"/>
        <pin num="2" name="GND" type="power_in"/>
        <pin num="3" name="EN" type="input"/>
        <pin num="4" name="NC" type="NotConnected"/>
        <pin num="5" name="OUT" type="power_out"/>
      </pins>
    </libpart>
    <libpart lib="Switch" part="SW_Push">
      <description>Push button switch, generic, two pins</description>
      <docs>~</docs>
      <fields>
        <field name="Reference">SW</field>
        <field name="Value">SW_Push</field>
      </fields>
      <pins>
        <pin num="1" name="1" type="passive"/>
        <pin num="2" name="2" type="passive"/>
      </pins>
    </libpart>
    <libpart lib="Transistor_FET" part="BSS138">
      <aliases>
        <alias>2N7002</alias>
        <alias>2N7002E</alias>
        <alias>2N7002H</alias>
        <alias>2N7002K</alias>
        <alias>BS170F</alias>
        <alias>BS870</alias>
        <alias>BSN20</alias>
        <alias>BSS123</alias>
        <alias>BSS127S</alias>
        <alias>DMG2302U</alias>
        <alias>DMG3402L</alias>
        <alias>DMG3404L</alias>
        <alias>DMG3406L</alias>
        <alias>DMG3414U</alias>
        <alias>DMG3418L</alias>
        <alias>DMN10H220L</alias>
        <alias>DMN10H700S</alias>
        <alias>DMN13H750S</alias>
        <alias>DMN2041L</alias>
        <alias>DMN2050L</alias>
        <alias>DMN2056U</alias>
        <alias>DMN2058U</alias>
        <alias>DMN2075U</alias>
        <alias>DMN2230U</alias>
        <alias>DMN24H11DS</alias>
        <alias>DMN24H3D5L</alias>
        <alias>DMN3042L</alias>
        <alias>DMN3051L</alias>
        <alias>DMN30H4D0L</alias>
        <alias>DMN3110S</alias>
        <alias>DMN3150L</alias>
        <alias>DMN3300U</alias>
        <alias>DMN3404L</alias>
        <alias>DMN6075S</alias>
        <alias>DMN6140L</alias>
        <alias>DMN67D7L</alias>
        <alias>DMN67D8L</alias>
        <alias>MMBF170</alias>
        <alias>VN10LF</alias>
        <alias>ZVN3306F</alias>
        <alias>ZVN3310F</alias>
        <alias>ZVN3320F</alias>
        <alias>ZVN4106F</alias>
        <alias>ZXM61N02F</alias>
        <alias>ZXM61N03F</alias>
        <alias>ZXMN10A07F</alias>
        <alias>ZXMN2A01F</alias>
        <alias>ZXMN2A14F</alias>
        <alias>ZXMN2B01F</alias>
        <alias>ZXMN2B14FH</alias>
        <alias>ZXMN2F30FH</alias>
        <alias>ZXMN2F34FH</alias>
        <alias>ZXMN3A01F</alias>
        <alias>ZXMN3A14F</alias>
        <alias>ZXMN3B01F</alias>
        <alias>ZXMN3B14F</alias>
        <alias>ZXMN3F30FH</alias>
        <alias>ZXMN6A07F</alias>
        <alias>IRLML0030</alias>
        <alias>IRLML2060</alias>
        <alias>TSM2302CX</alias>
      </aliases>
      <description>50V Vds, 0.22A Id, N-Channel MOSFET, SOT-23</description>
      <docs>https://www.fairchildsemi.com/datasheets/BS/BSS138.pdf</docs>
      <footprints>
        <fp>SOT?23*</fp>
      </footprints>
      <fields>
        <field name="Reference">Q</field>
        <field name="Value">BSS138</field>
        <field name="Footprint">Package_TO_SOT_SMD:SOT-23</field>
      </fields>
      <pins>
        <pin num="1" name="G" type="input"/>
        <pin num="2" name="S" type="passive"/>
        <pin num="3" name="D" type="passive"/>
      </pins>
    </libpart>
    <libpart lib="srw_custom" part="PS2501-4">
      <fields>
        <field name="Reference">U</field>
        <field name="Value">PS2501-4</field>
      </fields>
      <pins>
        <pin num="1" name="Anode_1" type="input"/>
        <pin num="2" name="Cathode_1" type="input"/>
        <pin num="3" name="Anode_2" type="input"/>
        <pin num="4" name="Cathode_2" type="input"/>
        <pin num="5" name="Anode_3" type="input"/>
        <pin num="6" name="Cathode_3" type="input"/>
        <pin num="7" name="Anode_4" type="input"/>
        <pin num="8" name="Cathode_4" type="input"/>
        <pin num="9" name="Emitter_4" type="input"/>
        <pin num="10" name="Collector_4" type="input"/>
        <pin num="11" name="Emitter_3" type="input"/>
        <pin num="12" name="Collector_3" type="input"/>
        <pin num="13" name="Emitter_2" type="input"/>
        <pin num="14" name="Collector_2" type="input"/>
        <pin num="15" name="Emitter_1" type="input"/>
        <pin num="16" name="Collector_1" type="input"/>
      </pins>
    </libpart>
    <libpart lib="srw_custom" part="receiver_433MHz">
      <fields>
        <field name="Reference">U</field>
        <field name="Value">receiver_433MHz</field>
      </fields>
      <pins>
        <pin num="1" name="IN-" type="input"/>
        <pin num="2" name="IN+" type="input"/>
        <pin num="3" name="OUT+" type="input"/>
        <pin num="4" name="OUT-" type="input"/>
        <pin num="5" name="KEY" type="input"/>
      </pins>
    </libpart>
  </libparts>
  <libraries>
    <library logical="Connector">
      <uri>/Library/Application Support/kicad/library/Connector.lib</uri>
    </library>
    <library logical="Device">
      <uri>/Library/Application Support/kicad/library/Device.lib</uri>
    </library>
    <library logical="Logic_LevelTranslator">
      <uri>/Library/Application Support/kicad/library/Logic_LevelTranslator.lib</uri>
    </library>
    <library logical="MCU_ST_STM32L4">
      <uri>/Library/Application Support/kicad/library/MCU_ST_STM32L4.lib</uri>
    </library>
    <library logical="Mechanical">
      <uri>/Library/Application Support/kicad/library/Mechanical.lib</uri>
    </library>
    <library logical="Regulator_Linear">
      <uri>/Library/Application Support/kicad/library/Regulator_Linear.lib</uri>
    </library>
    <library logical="Switch">
      <uri>/Library/Application Support/kicad/library/Switch.lib</uri>
    </library>
    <library logical="Transistor_FET">
      <uri>/Library/Application Support/kicad/library/Transistor_FET.lib</uri>
    </library>
    <library logical="srw_custom">
      <uri>/Users/spud/Documents/Hardware/Design/libraries/srw_custom.lib</uri>
    </library>
  </libraries>
  <nets>
    <net code="1" name="/INT_3">
      <node ref="U5" pin="10"/>
      <node ref="U7" pin="5"/>
      <node ref="R16" pin="2"/>
    </net>
    <net code="2" name="/INT_2">
      <node ref="U5" pin="12"/>
      <node ref="U7" pin="4"/>
      <node ref="R15" pin="2"/>
    </net>
    <net code="3" name="/INT_1">
      <node ref="R14" pin="2"/>
      <node ref="U7" pin="3"/>
      <node ref="U5" pin="14"/>
    </net>
    <net code="4" name="/INT_0">
      <node ref="R13" pin="2"/>
      <node ref="U7" pin="2"/>
      <node ref="U5" pin="16"/>
    </net>
    <net code="5" name="Net-(R1-Pad1)">
      <node ref="U1" pin="5"/>
      <node ref="R1" pin="1"/>
    </net>
    <net code="6" name="GND">
      <node ref="R2" pin="2"/>
      <node ref="C4" pin="2"/>
      <node ref="C18" pin="2"/>
      <node ref="C19" pin="2"/>
      <node ref="U3" pin="1"/>
      <node ref="C15" pin="2"/>
      <node ref="C5" pin="2"/>
      <node ref="R3" pin="2"/>
      <node ref="U4" pin="1"/>
      <node ref="J26" pin="8"/>
      <node ref="R4" pin="2"/>
      <node ref="C1" pin="2"/>
      <node ref="C2" pin="2"/>
      <node ref="J4" pin="1"/>
      <node ref="J7" pin="6"/>
      <node ref="Q1" pin="2"/>
      <node ref="R31" pin="2"/>
      <node ref="U10" pin="7"/>
      <node ref="U5" pin="11"/>
      <node ref="R12" pin="2"/>
      <node ref="R11" pin="2"/>
      <node ref="R6" pin="2"/>
      <node ref="Q2" pin="2"/>
      <node ref="R5" pin="2"/>
      <node ref="R33" pin="2"/>
      <node ref="C8" pin="2"/>
      <node ref="C7" pin="2"/>
      <node ref="C22" pin="2"/>
      <node ref="U5" pin="13"/>
      <node ref="U2" pin="1"/>
      <node ref="J3" pin="1"/>
      <node ref="C6" pin="2"/>
      <node ref="U5" pin="15"/>
      <node ref="C3" pin="2"/>
      <node ref="SW1" pin="1"/>
      <node ref="U8" pin="63"/>
      <node ref="U8" pin="47"/>
      <node ref="U8" pin="31"/>
      <node ref="U8" pin="18"/>
      <node ref="U8" pin="12"/>
      <node ref="R27" pin="1"/>
      <node ref="C10" pin="2"/>
      <node ref="J2" pin="2"/>
      <node ref="J5" pin="2"/>
      <node ref="U9" pin="7"/>
      <node ref="U7" pin="7"/>
      <node ref="C9" pin="2"/>
      <node ref="J24" pin="1"/>
      <node ref="J23" pin="1"/>
      <node ref="J22" pin="1"/>
      <node ref="J21" pin="1"/>
      <node ref="J20" pin="1"/>
      <node ref="J19" pin="1"/>
      <node ref="J18" pin="1"/>
      <node ref="J17" pin="1"/>
      <node ref="U6" pin="2"/>
      <node ref="C12" pin="2"/>
      <node ref="C13" pin="2"/>
      <node ref="C14" pin="2"/>
      <node ref="U12" pin="7"/>
      <node ref="C11" pin="2"/>
      <node ref="R1" pin="2"/>
      <node ref="U11" pin="7"/>
      <node ref="U1" pin="1"/>
      <node ref="U5" pin="9"/>
    </net>
    <net code="7" name="Net-(R2-Pad1)">
      <node ref="U2" pin="5"/>
      <node ref="R2" pin="1"/>
    </net>
    <net code="8" name="Net-(R3-Pad1)">
      <node ref="U3" pin="5"/>
      <node ref="R3" pin="1"/>
    </net>
    <net code="9" name="Net-(R4-Pad1)">
      <node ref="U4" pin="5"/>
      <node ref="R4" pin="1"/>
    </net>
    <net code="10" name="/OUT_1_P">
      <node ref="U1" pin="3"/>
      <node ref="R7" pin="1"/>
      <node ref="R17" pin="1"/>
    </net>
    <net code="11" name="Net-(R8-Pad2)">
      <node ref="R8" pin="2"/>
      <node ref="U5" pin="3"/>
    </net>
    <net code="12" name="/OUT_3_P">
      <node ref="R9" pin="1"/>
      <node ref="R18" pin="1"/>
      <node ref="U3" pin="3"/>
    </net>
    <net code="13" name="Net-(R9-Pad2)">
      <node ref="U5" pin="5"/>
      <node ref="R9" pin="2"/>
    </net>
    <net code="14" name="/OUT_4_P">
      <node ref="R19" pin="1"/>
      <node ref="U4" pin="3"/>
      <node ref="R10" pin="1"/>
    </net>
    <net code="15" name="Net-(R10-Pad2)">
      <node ref="R10" pin="2"/>
      <node ref="U5" pin="7"/>
    </net>
    <net code="16" name="Net-(R7-Pad2)">
      <node ref="U5" pin="1"/>
      <node ref="R7" pin="2"/>
    </net>
    <net code="17" name="/OUT_4_N">
      <node ref="U4" pin="4"/>
      <node ref="R19" pin="2"/>
      <node ref="U5" pin="8"/>
      <node ref="R12" pin="1"/>
    </net>
    <net code="18" name="/OUT_3_N">
      <node ref="R11" pin="1"/>
      <node ref="U5" pin="6"/>
      <node ref="U3" pin="4"/>
      <node ref="R18" pin="2"/>
    </net>
    <net code="19" name="/OUT_1_N">
      <node ref="R17" pin="2"/>
      <node ref="U1" pin="4"/>
      <node ref="R5" pin="1"/>
      <node ref="U5" pin="2"/>
    </net>
    <net code="20" name="+5V">
      <node ref="C15" pin="1"/>
      <node ref="J8" pin="2"/>
      <node ref="U1" pin="2"/>
      <node ref="R16" pin="1"/>
      <node ref="R15" pin="1"/>
      <node ref="R14" pin="1"/>
      <node ref="J1" pin="1"/>
      <node ref="U2" pin="2"/>
      <node ref="R13" pin="1"/>
      <node ref="J6" pin="2"/>
      <node ref="C22" pin="1"/>
      <node ref="C18" pin="1"/>
      <node ref="U7" pin="1"/>
      <node ref="C19" pin="1"/>
      <node ref="U3" pin="2"/>
      <node ref="U10" pin="14"/>
      <node ref="J9" pin="1"/>
      <node ref="J10" pin="1"/>
      <node ref="J11" pin="1"/>
      <node ref="J12" pin="1"/>
      <node ref="U4" pin="2"/>
      <node ref="U9" pin="14"/>
      <node ref="U7" pin="8"/>
      <node ref="R21" pin="1"/>
      <node ref="J13" pin="1"/>
      <node ref="J14" pin="1"/>
      <node ref="U6" pin="1"/>
      <node ref="J16" pin="1"/>
      <node ref="J15" pin="1"/>
    </net>
    <net code="21" name="/OUT_2_P">
      <node ref="R20" pin="1"/>
      <node ref="U2" pin="3"/>
      <node ref="R8" pin="1"/>
    </net>
    <net code="22" name="/OUT_2_N">
      <node ref="R6" pin="1"/>
      <node ref="U2" pin="4"/>
      <node ref="R20" pin="2"/>
      <node ref="U5" pin="4"/>
    </net>
    <net code="23" name="Net-(R21-Pad2)">
      <node ref="U6" pin="3"/>
      <node ref="R21" pin="2"/>
    </net>
    <net code="24" name="Net-(U6-Pad4)">
      <node ref="U6" pin="4"/>
    </net>
    <net code="25" name="+1V8">
      <node ref="R30" pin="1"/>
      <node ref="U8" pin="64"/>
      <node ref="C11" pin="1"/>
      <node ref="R37" pin="1"/>
      <node ref="R38" pin="1"/>
      <node ref="R39" pin="1"/>
      <node ref="R24" pin="1"/>
      <node ref="C10" pin="1"/>
      <node ref="R23" pin="1"/>
      <node ref="U12" pin="1"/>
      <node ref="J26" pin="7"/>
      <node ref="R36" pin="1"/>
      <node ref="U10" pin="1"/>
      <node ref="C14" pin="1"/>
      <node ref="C13" pin="1"/>
      <node ref="U11" pin="1"/>
      <node ref="C12" pin="1"/>
      <node ref="U6" pin="5"/>
      <node ref="J7" pin="5"/>
      <node ref="C3" pin="1"/>
      <node ref="U8" pin="32"/>
      <node ref="R42" pin="1"/>
      <node ref="U8" pin="19"/>
      <node ref="R25" pin="1"/>
      <node ref="C6" pin="1"/>
      <node ref="U7" pin="14"/>
      <node ref="C9" pin="1"/>
      <node ref="R29" pin="1"/>
      <node ref="U8" pin="13"/>
      <node ref="C8" pin="1"/>
      <node ref="C7" pin="1"/>
      <node ref="U8" pin="1"/>
      <node ref="U9" pin="1"/>
      <node ref="R22" pin="1"/>
      <node ref="R26" pin="2"/>
      <node ref="R28" pin="1"/>
    </net>
    <net code="26" name="Net-(U7-Pad6)">
      <node ref="U7" pin="6"/>
    </net>
    <net code="27" name="Net-(U7-Pad9)">
      <node ref="U7" pin="9"/>
    </net>
    <net code="29" name="/INT_3_SHIFTED">
      <node ref="R25" pin="2"/>
      <node ref="U7" pin="10"/>
    </net>
    <net code="30" name="Net-(R24-Pad2)">
      <node ref="U7" pin="11"/>
      <node ref="R24" pin="2"/>
    </net>
    <net code="31" name="/INT_1_SHIFTED">
      <node ref="U7" pin="12"/>
      <node ref="R23" pin="2"/>
    </net>
    <net code="32" name="/INT_0_SHIFTED">
      <node ref="U7" pin="13"/>
      <node ref="R22" pin="2"/>
    </net>
    <net code="33" name="/Sheet6227BA78/XTAL1">
      <node ref="Y2" pin="1"/>
      <node ref="C4" pin="1"/>
      <node ref="U8" pin="4"/>
    </net>
    <net code="34" name="/Sheet6227BA78/XTAL2">
      <node ref="U8" pin="3"/>
      <node ref="Y2" pin="2"/>
      <node ref="C5" pin="1"/>
    </net>
    <net code="35" name="/Sheet6227BA78/XTAL1_HI">
      <node ref="U8" pin="6"/>
      <node ref="Y1" pin="1"/>
      <node ref="C1" pin="1"/>
    </net>
    <net code="36" name="/Sheet6227BA78/XTAL2_HI">
      <node ref="U8" pin="5"/>
      <node ref="C2" pin="1"/>
      <node ref="Y1" pin="2"/>
    </net>
    <net code="37" name="/Sheet6227BA78/LVL_SHIFTER_EN">
      <node ref="U11" pin="8"/>
      <node ref="U12" pin="8"/>
      <node ref="R36" pin="2"/>
      <node ref="U8" pin="38"/>
      <node ref="U10" pin="8"/>
      <node ref="U9" pin="8"/>
    </net>
    <net code="38" name="/Sheet6227BA78/SPI1_CSN_SHIFTED">
      <node ref="J5" pin="3"/>
      <node ref="U11" pin="13"/>
    </net>
    <net code="39" name="/Sheet6227BA78/SPI1_SCK_SHIFTED">
      <node ref="U11" pin="12"/>
      <node ref="J5" pin="4"/>
    </net>
    <net code="40" name="/Sheet6227BA78/SPI1_MISO_SHIFTED">
      <node ref="U11" pin="10"/>
      <node ref="J5" pin="5"/>
    </net>
    <net code="41" name="/Sheet6227BA78/SPI1_MOSI_SHIFTED">
      <node ref="U11" pin="11"/>
      <node ref="J5" pin="6"/>
    </net>
    <net code="42" name="/Sheet6227BA78/LED_STRIP_OUT_4_SHIFTED">
      <node ref="J25" pin="1"/>
      <node ref="U10" pin="10"/>
    </net>
    <net code="43" name="/Sheet6227BA78/LED_STRIP_OUT_3_SHIFTED">
      <node ref="J25" pin="2"/>
      <node ref="U10" pin="11"/>
    </net>
    <net code="44" name="/Sheet6227BA78/LED_STRIP_OUT_2_SHIFTED">
      <node ref="J25" pin="3"/>
      <node ref="U10" pin="12"/>
    </net>
    <net code="45" name="/Sheet6227BA78/LED_STRIP_OUT_1_SHIFTED">
      <node ref="U10" pin="13"/>
      <node ref="J25" pin="4"/>
    </net>
    <net code="46" name="/Sheet6227BA78/LED_STRIP_OUT_1">
      <node ref="R47" pin="2"/>
      <node ref="U10" pin="2"/>
    </net>
    <net code="47" name="/Sheet6227BA78/LED_STRIP_OUT_2">
      <node ref="R48" pin="2"/>
      <node ref="U10" pin="3"/>
    </net>
    <net code="48" name="/Sheet6227BA78/LED_STRIP_OUT_3">
      <node ref="R44" pin="2"/>
      <node ref="U10" pin="4"/>
    </net>
    <net code="49" name="/Sheet6227BA78/LED_STRIP_OUT_4">
      <node ref="U10" pin="5"/>
      <node ref="R43" pin="2"/>
    </net>
    <net code="50" name="Net-(U10-Pad6)">
      <node ref="U10" pin="6"/>
    </net>
    <net code="51" name="Net-(U10-Pad9)">
      <node ref="U10" pin="9"/>
    </net>
    <net code="52" name="/Sheet6227BA78/LED_STRIP_OUT_8_SHIFTED">
      <node ref="J25" pin="5"/>
      <node ref="U9" pin="10"/>
    </net>
    <net code="53" name="/Sheet6227BA78/LED_STRIP_OUT_7_SHIFTED">
      <node ref="J25" pin="6"/>
      <node ref="U9" pin="11"/>
    </net>
    <net code="54" name="/Sheet6227BA78/LED_STRIP_OUT_6_SHIFTED">
      <node ref="J25" pin="7"/>
      <node ref="U9" pin="12"/>
    </net>
    <net code="55" name="/Sheet6227BA78/LED_STRIP_OUT_5_SHIFTED">
      <node ref="J25" pin="8"/>
      <node ref="U9" pin="13"/>
    </net>
    <net code="56" name="/Sheet6227BA78/LED_STRIP_OUT_5">
      <node ref="R49" pin="2"/>
      <node ref="U9" pin="2"/>
    </net>
    <net code="57" name="/Sheet6227BA78/LED_STRIP_OUT_6">
      <node ref="U9" pin="3"/>
      <node ref="R50" pin="2"/>
    </net>
    <net code="58" name="/Sheet6227BA78/LED_STRIP_OUT_7">
      <node ref="R45" pin="2"/>
      <node ref="U9" pin="4"/>
    </net>
    <net code="59" name="/Sheet6227BA78/LED_STRIP_OUT_8">
      <node ref="R46" pin="2"/>
      <node ref="U9" pin="5"/>
    </net>
    <net code="60" name="Net-(U9-Pad6)">
      <node ref="U9" pin="6"/>
    </net>
    <net code="61" name="Net-(U9-Pad9)">
      <node ref="U9" pin="9"/>
    </net>
    <net code="62" name="/Sheet6227BA78/SPI1_CSN">
      <node ref="U11" pin="2"/>
      <node ref="R42" pin="2"/>
      <node ref="U8" pin="20"/>
    </net>
    <net code="63" name="/Sheet6227BA78/SPI1_SCK">
      <node ref="U8" pin="15"/>
      <node ref="U11" pin="3"/>
    </net>
    <net code="64" name="/Sheet6227BA78/SPI1_MOSI">
      <node ref="U8" pin="45"/>
      <node ref="U11" pin="4"/>
    </net>
    <net code="65" name="/Sheet6227BA78/SPI1_MISO">
      <node ref="U11" pin="5"/>
      <node ref="U8" pin="44"/>
    </net>
    <net code="66" name="Net-(U11-Pad6)">
      <node ref="U11" pin="6"/>
    </net>
    <net code="67" name="Net-(U11-Pad9)">
      <node ref="U11" pin="9"/>
    </net>
    <net code="68" name="/Sheet6227BA78/USART1_RX_SHIFTED">
      <node ref="J2" pin="6"/>
      <node ref="U12" pin="10"/>
    </net>
    <net code="69" name="/Sheet6227BA78/USART1_TX_SHIFTED">
      <node ref="U12" pin="11"/>
      <node ref="J2" pin="5"/>
    </net>
    <net code="70" name="/Sheet6227BA78/I2C2_SDA_SHIFTED">
      <node ref="U12" pin="12"/>
      <node ref="J2" pin="4"/>
    </net>
    <net code="71" name="/Sheet6227BA78/I2C2_SCL_SHIFTED">
      <node ref="J2" pin="3"/>
      <node ref="U12" pin="13"/>
    </net>
    <net code="72" name="/Sheet6227BA78/I2C2_SCL">
      <node ref="U12" pin="2"/>
      <node ref="U8" pin="29"/>
    </net>
    <net code="73" name="/Sheet6227BA78/I2C2_SDA">
      <node ref="U12" pin="3"/>
      <node ref="U8" pin="30"/>
    </net>
    <net code="74" name="/Sheet6227BA78/USART1_TX">
      <node ref="U12" pin="4"/>
      <node ref="U8" pin="58"/>
    </net>
    <net code="75" name="/Sheet6227BA78/USART1_RX">
      <node ref="U12" pin="5"/>
      <node ref="U8" pin="59"/>
    </net>
    <net code="76" name="Net-(U12-Pad6)">
      <node ref="U12" pin="6"/>
    </net>
    <net code="77" name="Net-(U12-Pad9)">
      <node ref="U12" pin="9"/>
    </net>
    <net code="78" name="/Sheet6227BA78/SPI_VREF">
      <node ref="J5" pin="1"/>
      <node ref="U11" pin="14"/>
    </net>
    <net code="79" name="/Sheet6227BA78/I2C_UART_VREF">
      <node ref="J2" pin="1"/>
      <node ref="U12" pin="14"/>
    </net>
    <net code="80" name="Net-(R43-Pad1)">
      <node ref="U8" pin="35"/>
      <node ref="R43" pin="1"/>
    </net>
    <net code="81" name="Net-(U8-Pad55)">
      <node ref="U8" pin="55"/>
    </net>
    <net code="82" name="Net-(R26-Pad1)">
      <node ref="U8" pin="60"/>
      <node ref="R26" pin="1"/>
      <node ref="R27" pin="2"/>
    </net>
    <net code="83" name="/Sheet6227BA78/WKUP5">
      <node ref="R39" pin="2"/>
      <node ref="J7" pin="4"/>
      <node ref="U8" pin="25"/>
    </net>
    <net code="84" name="/Sheet6227BA78/TDI">
      <node ref="J26" pin="4"/>
      <node ref="U8" pin="50"/>
    </net>
    <net code="85" name="/Sheet6227BA78/SWDIO">
      <node ref="J26" pin="2"/>
      <node ref="U8" pin="46"/>
    </net>
    <net code="86" name="/Sheet6227BA78/SWCLK">
      <node ref="J26" pin="3"/>
      <node ref="U8" pin="49"/>
    </net>
    <net code="87" name="/Sheet6227BA78/WKUP4">
      <node ref="R38" pin="2"/>
      <node ref="U8" pin="16"/>
      <node ref="J7" pin="3"/>
    </net>
    <net code="88" name="/Sheet6227BA78/WKUP2">
      <node ref="U8" pin="2"/>
      <node ref="J7" pin="2"/>
      <node ref="R37" pin="2"/>
    </net>
    <net code="89" name="Net-(U8-Pad23)">
      <node ref="U8" pin="23"/>
    </net>
    <net code="90" name="Net-(U8-Pad24)">
      <node ref="U8" pin="24"/>
    </net>
    <net code="91" name="Net-(U8-Pad28)">
      <node ref="U8" pin="28"/>
    </net>
    <net code="92" name="Net-(U8-Pad33)">
      <node ref="U8" pin="33"/>
    </net>
    <net code="93" name="Net-(U8-Pad34)">
      <node ref="U8" pin="34"/>
    </net>
    <net code="94" name="Net-(U8-Pad36)">
      <node ref="U8" pin="36"/>
    </net>
    <net code="95" name="Net-(U8-Pad37)">
      <node ref="U8" pin="37"/>
    </net>
    <net code="96" name="Net-(U8-Pad39)">
      <node ref="U8" pin="39"/>
    </net>
    <net code="97" name="Net-(U8-Pad40)">
      <node ref="U8" pin="40"/>
    </net>
    <net code="98" name="Net-(R29-Pad2)">
      <node ref="U8" pin="48"/>
      <node ref="R29" pin="2"/>
    </net>
    <net code="99" name="Net-(U8-Pad51)">
      <node ref="U8" pin="51"/>
    </net>
    <net code="100" name="Net-(U8-Pad52)">
      <node ref="U8" pin="52"/>
    </net>
    <net code="101" name="Net-(U8-Pad53)">
      <node ref="U8" pin="53"/>
    </net>
    <net code="102" name="Net-(U8-Pad54)">
      <node ref="U8" pin="54"/>
    </net>
    <net code="103" name="/Sheet6227BA78/NJTRST">
      <node ref="J26" pin="6"/>
      <node ref="U8" pin="56"/>
    </net>
    <net code="104" name="Net-(U8-Pad57)">
      <node ref="U8" pin="57"/>
    </net>
    <net code="105" name="Net-(U8-Pad62)">
      <node ref="U8" pin="62"/>
    </net>
    <net code="106" name="/Sheet6227BA78/NRST">
      <node ref="R28" pin="2"/>
      <node ref="J26" pin="1"/>
      <node ref="SW1" pin="2"/>
      <node ref="U8" pin="7"/>
    </net>
    <net code="107" name="/Sheet6227BA78/WKUP1">
      <node ref="R30" pin="2"/>
      <node ref="J4" pin="2"/>
      <node ref="J7" pin="1"/>
      <node ref="U8" pin="14"/>
    </net>
    <net code="108" name="Net-(J8-Pad1)">
      <node ref="R34" pin="1"/>
      <node ref="J8" pin="1"/>
    </net>
    <net code="109" name="Net-(Q2-Pad3)">
      <node ref="Q2" pin="3"/>
      <node ref="R34" pin="2"/>
    </net>
    <net code="110" name="Net-(J6-Pad1)">
      <node ref="R32" pin="1"/>
      <node ref="J6" pin="1"/>
    </net>
    <net code="111" name="Net-(Q1-Pad3)">
      <node ref="R32" pin="2"/>
      <node ref="Q1" pin="3"/>
    </net>
    <net code="112" name="/Sheet6227BA78/LED_RED">
      <node ref="U8" pin="26"/>
      <node ref="Q2" pin="1"/>
      <node ref="R33" pin="1"/>
    </net>
    <net code="113" name="/Sheet6227BA78/LED_GREEN">
      <node ref="Q1" pin="1"/>
      <node ref="R31" pin="1"/>
      <node ref="U8" pin="27"/>
    </net>
    <net code="114" name="/Sheet6227BA78/INT_1_SHIFTED">
      <node ref="U8" pin="9"/>
    </net>
    <net code="115" name="/Sheet6227BA78/INT_2_SHIFTED">
      <node ref="U8" pin="10"/>
    </net>
    <net code="116" name="/Sheet6227BA78/INT_0_SHIFTED">
      <node ref="U8" pin="8"/>
    </net>
    <net code="117" name="/Sheet6227BA78/INT_3_SHIFTED">
      <node ref="U8" pin="11"/>
    </net>
    <net code="118" name="Net-(R48-Pad1)">
      <node ref="U8" pin="21"/>
      <node ref="R48" pin="1"/>
    </net>
    <net code="119" name="Net-(R44-Pad1)">
      <node ref="U8" pin="22"/>
      <node ref="R44" pin="1"/>
    </net>
    <net code="120" name="Net-(R49-Pad1)">
      <node ref="U8" pin="41"/>
      <node ref="R49" pin="1"/>
    </net>
    <net code="121" name="Net-(R45-Pad1)">
      <node ref="U8" pin="42"/>
      <node ref="R45" pin="1"/>
    </net>
    <net code="122" name="Net-(R50-Pad1)">
      <node ref="U8" pin="43"/>
      <node ref="R50" pin="1"/>
    </net>
    <net code="123" name="Net-(R46-Pad1)">
      <node ref="R46" pin="1"/>
      <node ref="U8" pin="61"/>
    </net>
    <net code="124" name="Net-(R47-Pad1)">
      <node ref="R47" pin="1"/>
      <node ref="U8" pin="17"/>
    </net>
    <net code="125" name="Net-(J26-Pad5)">
      <node ref="J26" pin="5"/>
    </net>
  </nets>
</export>
