<?xml version="1.0" encoding="UTF-8"?>
<export version="D">
  <design>
    <source>/Users/spud/Documents/Hardware/Design/small_led_driver/Untitled/small_led_driver.sch</source>
    <date>Friday, May 06, 2022 at 10:47:29 AM</date>
    <tool>Eeschema (5.1.6-0-10_14)</tool>
    <sheet number="1" name="/" tstamps="/">
      <title_block>
        <title/>
        <company/>
        <rev/>
        <date/>
        <source>small_led_driver.sch</source>
        <comment number="1" value=""/>
        <comment number="2" value=""/>
        <comment number="3" value=""/>
        <comment number="4" value=""/>
      </title_block>
    </sheet>
  </design>
  <components>
    <comp ref="U2">
      <value>STM32L431RCTx</value>
      <footprint>Package_QFP:LQFP-64_10x10mm_P0.5mm</footprint>
      <datasheet>http://www.st.com/st-web-ui/static/active/en/resource/technical/document/datasheet/DM00257211.pdf</datasheet>
      <libsource lib="MCU_ST_STM32L4" part="STM32L431RCTx" description="ARM Cortex-M4 MCU, 256KB flash, 64KB RAM, 80MHz, 1.71-3.6V, 52 GPIO, LQFP-64"/>
      <sheetpath names="/" tstamps="/"/>
      <tstamp>6271DE66</tstamp>
    </comp>
    <comp ref="C8">
      <value>0.1u</value>
      <footprint>Capacitor_SMD:C_0603_1608Metric_Pad1.05x0.95mm_HandSolder</footprint>
      <datasheet>~</datasheet>
      <libsource lib="Device" part="CP_Small" description="Polarized capacitor, small symbol"/>
      <sheetpath names="/" tstamps="/"/>
      <tstamp>62721C8E</tstamp>
    </comp>
    <comp ref="C9">
      <value>0.1u</value>
      <footprint>Capacitor_SMD:C_0603_1608Metric_Pad1.05x0.95mm_HandSolder</footprint>
      <datasheet>~</datasheet>
      <libsource lib="Device" part="CP_Small" description="Polarized capacitor, small symbol"/>
      <sheetpath names="/" tstamps="/"/>
      <tstamp>62724834</tstamp>
    </comp>
    <comp ref="C10">
      <value>0.1u</value>
      <footprint>Capacitor_SMD:C_0603_1608Metric_Pad1.05x0.95mm_HandSolder</footprint>
      <datasheet>~</datasheet>
      <libsource lib="Device" part="CP_Small" description="Polarized capacitor, small symbol"/>
      <sheetpath names="/" tstamps="/"/>
      <tstamp>62724D35</tstamp>
    </comp>
    <comp ref="C11">
      <value>0.1u</value>
      <footprint>Capacitor_SMD:C_0603_1608Metric_Pad1.05x0.95mm_HandSolder</footprint>
      <datasheet>~</datasheet>
      <libsource lib="Device" part="CP_Small" description="Polarized capacitor, small symbol"/>
      <sheetpath names="/" tstamps="/"/>
      <tstamp>627254BE</tstamp>
    </comp>
    <comp ref="C12">
      <value>0.1u</value>
      <footprint>Capacitor_SMD:C_0603_1608Metric_Pad1.05x0.95mm_HandSolder</footprint>
      <datasheet>~</datasheet>
      <libsource lib="Device" part="CP_Small" description="Polarized capacitor, small symbol"/>
      <sheetpath names="/" tstamps="/"/>
      <tstamp>627255A2</tstamp>
    </comp>
    <comp ref="C13">
      <value>4.7u</value>
      <footprint>Capacitor_SMD:C_0603_1608Metric_Pad1.05x0.95mm_HandSolder</footprint>
      <datasheet>~</datasheet>
      <libsource lib="Device" part="CP_Small" description="Polarized capacitor, small symbol"/>
      <sheetpath names="/" tstamps="/"/>
      <tstamp>62729457</tstamp>
    </comp>
    <comp ref="C15">
      <value>0.01u</value>
      <footprint>Capacitor_SMD:C_0603_1608Metric_Pad1.05x0.95mm_HandSolder</footprint>
      <datasheet>~</datasheet>
      <libsource lib="Device" part="CP_Small" description="Polarized capacitor, small symbol"/>
      <sheetpath names="/" tstamps="/"/>
      <tstamp>6272F04E</tstamp>
    </comp>
    <comp ref="C16">
      <value>1</value>
      <footprint>Capacitor_SMD:C_0603_1608Metric_Pad1.05x0.95mm_HandSolder</footprint>
      <datasheet>~</datasheet>
      <libsource lib="Device" part="CP_Small" description="Polarized capacitor, small symbol"/>
      <sheetpath names="/" tstamps="/"/>
      <tstamp>6272F054</tstamp>
    </comp>
    <comp ref="R4">
      <value>0</value>
      <footprint>Resistor_SMD:R_0603_1608Metric_Pad1.05x0.95mm_HandSolder</footprint>
      <datasheet>~</datasheet>
      <libsource lib="Device" part="R" description="Resistor"/>
      <sheetpath names="/" tstamps="/"/>
      <tstamp>6273CEFC</tstamp>
    </comp>
    <comp ref="C6">
      <value>0.1u</value>
      <footprint>Capacitor_SMD:C_0603_1608Metric_Pad1.05x0.95mm_HandSolder</footprint>
      <datasheet>~</datasheet>
      <libsource lib="Device" part="CP_Small" description="Polarized capacitor, small symbol"/>
      <sheetpath names="/" tstamps="/"/>
      <tstamp>6273FABC</tstamp>
    </comp>
    <comp ref="SW1">
      <value>SW_DIP_x01</value>
      <footprint>Connector_PinHeader_2.54mm:PinHeader_1x02_P2.54mm_Vertical</footprint>
      <datasheet>~</datasheet>
      <libsource lib="Switch" part="SW_DIP_x01" description="1x DIP Switch, Single Pole Single Throw (SPST) switch, small symbol"/>
      <sheetpath names="/" tstamps="/"/>
      <tstamp>6274F676</tstamp>
    </comp>
    <comp ref="R3">
      <value>10k</value>
      <footprint>Resistor_SMD:R_0603_1608Metric_Pad1.05x0.95mm_HandSolder</footprint>
      <datasheet>~</datasheet>
      <libsource lib="Device" part="R" description="Resistor"/>
      <sheetpath names="/" tstamps="/"/>
      <tstamp>62756D93</tstamp>
    </comp>
    <comp ref="Y2">
      <value>ECS-.327-9-1210-TR</value>
      <footprint>ECS-:XTAL_ECS-.327-9-1210-TR</footprint>
      <datasheet>~</datasheet>
      <libsource lib="Device" part="Crystal" description="Two pin crystal"/>
      <sheetpath names="/" tstamps="/"/>
      <tstamp>6275CA7A</tstamp>
    </comp>
    <comp ref="C3">
      <value>8p</value>
      <footprint>Capacitor_SMD:C_0603_1608Metric_Pad1.05x0.95mm_HandSolder</footprint>
      <datasheet>~</datasheet>
      <libsource lib="Device" part="CP_Small" description="Polarized capacitor, small symbol"/>
      <sheetpath names="/" tstamps="/"/>
      <tstamp>62760644</tstamp>
    </comp>
    <comp ref="C4">
      <value>8p</value>
      <footprint>Capacitor_SMD:C_0603_1608Metric_Pad1.05x0.95mm_HandSolder</footprint>
      <datasheet>~</datasheet>
      <libsource lib="Device" part="CP_Small" description="Polarized capacitor, small symbol"/>
      <sheetpath names="/" tstamps="/"/>
      <tstamp>62761FBC</tstamp>
    </comp>
    <comp ref="C1">
      <value>6p</value>
      <footprint>Capacitor_SMD:C_0603_1608Metric_Pad1.05x0.95mm_HandSolder</footprint>
      <datasheet>~</datasheet>
      <libsource lib="Device" part="CP_Small" description="Polarized capacitor, small symbol"/>
      <sheetpath names="/" tstamps="/"/>
      <tstamp>627781F9</tstamp>
    </comp>
    <comp ref="C2">
      <value>6p</value>
      <footprint>Capacitor_SMD:C_0603_1608Metric_Pad1.05x0.95mm_HandSolder</footprint>
      <datasheet>~</datasheet>
      <libsource lib="Device" part="CP_Small" description="Polarized capacitor, small symbol"/>
      <sheetpath names="/" tstamps="/"/>
      <tstamp>627781FF</tstamp>
    </comp>
    <comp ref="R1">
      <value>10k</value>
      <footprint>Resistor_SMD:R_0603_1608Metric_Pad1.05x0.95mm_HandSolder</footprint>
      <datasheet>~</datasheet>
      <libsource lib="Device" part="R" description="Resistor"/>
      <sheetpath names="/" tstamps="/"/>
      <tstamp>62792CC5</tstamp>
    </comp>
    <comp ref="R2">
      <value>DNI</value>
      <footprint>Resistor_SMD:R_0603_1608Metric_Pad1.05x0.95mm_HandSolder</footprint>
      <datasheet>~</datasheet>
      <libsource lib="Device" part="R" description="Resistor"/>
      <sheetpath names="/" tstamps="/"/>
      <tstamp>6279D058</tstamp>
    </comp>
    <comp ref="J3">
      <value>Conn_01x04_Male</value>
      <footprint>Connector_PinHeader_2.54mm:PinHeader_1x04_P2.54mm_Vertical</footprint>
      <datasheet>~</datasheet>
      <libsource lib="Connector" part="Conn_01x04_Male" description="Generic connector, single row, 01x04, script generated (kicad-library-utils/schlib/autogen/connector/)"/>
      <sheetpath names="/" tstamps="/"/>
      <tstamp>627B4869</tstamp>
    </comp>
    <comp ref="J1">
      <value>Conn_01x04_Male</value>
      <footprint>Connector_PinHeader_2.54mm:PinHeader_1x04_P2.54mm_Vertical</footprint>
      <datasheet>~</datasheet>
      <libsource lib="Connector" part="Conn_01x04_Male" description="Generic connector, single row, 01x04, script generated (kicad-library-utils/schlib/autogen/connector/)"/>
      <sheetpath names="/" tstamps="/"/>
      <tstamp>627E07B7</tstamp>
    </comp>
    <comp ref="R5">
      <value>10k</value>
      <footprint>Resistor_SMD:R_0603_1608Metric_Pad1.05x0.95mm_HandSolder</footprint>
      <datasheet>~</datasheet>
      <libsource lib="Device" part="R" description="Resistor"/>
      <sheetpath names="/" tstamps="/"/>
      <tstamp>6280A3EB</tstamp>
    </comp>
    <comp ref="R8">
      <value>10k</value>
      <footprint>Resistor_SMD:R_0603_1608Metric_Pad1.05x0.95mm_HandSolder</footprint>
      <datasheet>~</datasheet>
      <libsource lib="Device" part="R" description="Resistor"/>
      <sheetpath names="/" tstamps="/"/>
      <tstamp>6280E9A2</tstamp>
    </comp>
    <comp ref="R9">
      <value>10k</value>
      <footprint>Resistor_SMD:R_0603_1608Metric_Pad1.05x0.95mm_HandSolder</footprint>
      <datasheet>~</datasheet>
      <libsource lib="Device" part="R" description="Resistor"/>
      <sheetpath names="/" tstamps="/"/>
      <tstamp>628131BA</tstamp>
    </comp>
    <comp ref="R10">
      <value>10k</value>
      <footprint>Resistor_SMD:R_0603_1608Metric_Pad1.05x0.95mm_HandSolder</footprint>
      <datasheet>~</datasheet>
      <libsource lib="Device" part="R" description="Resistor"/>
      <sheetpath names="/" tstamps="/"/>
      <tstamp>62817915</tstamp>
    </comp>
    <comp ref="R13">
      <value>10k</value>
      <footprint>Resistor_SMD:R_0603_1608Metric_Pad1.05x0.95mm_HandSolder</footprint>
      <datasheet>~</datasheet>
      <libsource lib="Device" part="R" description="Resistor"/>
      <sheetpath names="/" tstamps="/"/>
      <tstamp>6281C031</tstamp>
    </comp>
    <comp ref="J13">
      <value>Conn_01x04_Male</value>
      <footprint>Connector_PinHeader_2.54mm:PinHeader_1x04_P2.54mm_Vertical</footprint>
      <datasheet>~</datasheet>
      <libsource lib="Connector" part="Conn_01x04_Male" description="Generic connector, single row, 01x04, script generated (kicad-library-utils/schlib/autogen/connector/)"/>
      <sheetpath names="/" tstamps="/"/>
      <tstamp>628FDAD4</tstamp>
    </comp>
    <comp ref="R6">
      <value>10k</value>
      <footprint>Resistor_SMD:R_0603_1608Metric_Pad1.05x0.95mm_HandSolder</footprint>
      <datasheet>~</datasheet>
      <libsource lib="Device" part="R" description="Resistor"/>
      <sheetpath names="/" tstamps="/"/>
      <tstamp>62A37A18</tstamp>
    </comp>
    <comp ref="R7">
      <value>DNI</value>
      <footprint>Resistor_SMD:R_0603_1608Metric_Pad1.05x0.95mm_HandSolder</footprint>
      <datasheet>~</datasheet>
      <libsource lib="Device" part="R" description="Resistor"/>
      <sheetpath names="/" tstamps="/"/>
      <tstamp>62A37A2D</tstamp>
    </comp>
    <comp ref="R11">
      <value>10k</value>
      <footprint>Resistor_SMD:R_0603_1608Metric_Pad1.05x0.95mm_HandSolder</footprint>
      <datasheet>~</datasheet>
      <libsource lib="Device" part="R" description="Resistor"/>
      <sheetpath names="/" tstamps="/"/>
      <tstamp>62A48585</tstamp>
    </comp>
    <comp ref="R12">
      <value>DNI</value>
      <footprint>Resistor_SMD:R_0603_1608Metric_Pad1.05x0.95mm_HandSolder</footprint>
      <datasheet>~</datasheet>
      <libsource lib="Device" part="R" description="Resistor"/>
      <sheetpath names="/" tstamps="/"/>
      <tstamp>62A4859A</tstamp>
    </comp>
    <comp ref="R14">
      <value>10k</value>
      <footprint>Resistor_SMD:R_0603_1608Metric_Pad1.05x0.95mm_HandSolder</footprint>
      <datasheet>~</datasheet>
      <libsource lib="Device" part="R" description="Resistor"/>
      <sheetpath names="/" tstamps="/"/>
      <tstamp>62A51294</tstamp>
    </comp>
    <comp ref="R15">
      <value>DNI</value>
      <footprint>Resistor_SMD:R_0603_1608Metric_Pad1.05x0.95mm_HandSolder</footprint>
      <datasheet>~</datasheet>
      <libsource lib="Device" part="R" description="Resistor"/>
      <sheetpath names="/" tstamps="/"/>
      <tstamp>62A512A9</tstamp>
    </comp>
    <comp ref="R16">
      <value>10k</value>
      <footprint>Resistor_SMD:R_0603_1608Metric_Pad1.05x0.95mm_HandSolder</footprint>
      <datasheet>~</datasheet>
      <libsource lib="Device" part="R" description="Resistor"/>
      <sheetpath names="/" tstamps="/"/>
      <tstamp>62A59E3F</tstamp>
    </comp>
    <comp ref="R17">
      <value>DNI</value>
      <footprint>Resistor_SMD:R_0603_1608Metric_Pad1.05x0.95mm_HandSolder</footprint>
      <datasheet>~</datasheet>
      <libsource lib="Device" part="R" description="Resistor"/>
      <sheetpath names="/" tstamps="/"/>
      <tstamp>62A59E54</tstamp>
    </comp>
    <comp ref="J15">
      <value>Conn_01x04_Male</value>
      <footprint>Connector_PinHeader_2.54mm:PinHeader_1x04_P2.54mm_Vertical</footprint>
      <datasheet>~</datasheet>
      <libsource lib="Connector" part="Conn_01x04_Male" description="Generic connector, single row, 01x04, script generated (kicad-library-utils/schlib/autogen/connector/)"/>
      <sheetpath names="/" tstamps="/"/>
      <tstamp>62A91B40</tstamp>
    </comp>
    <comp ref="U1">
      <value>TXS0108EPW</value>
      <footprint>Package_SO:TSSOP-20_4.4x6.5mm_P0.65mm</footprint>
      <datasheet>www.ti.com/lit/ds/symlink/txs0108e.pdf</datasheet>
      <libsource lib="Logic_LevelTranslator" part="TXS0108EPW" description="Bidirectional  level-shifting voltage translator, TSSOP-20"/>
      <sheetpath names="/" tstamps="/"/>
      <tstamp>62C4FBCF</tstamp>
    </comp>
    <comp ref="C5">
      <value>0.1u</value>
      <footprint>Capacitor_SMD:C_0603_1608Metric_Pad1.05x0.95mm_HandSolder</footprint>
      <datasheet>~</datasheet>
      <libsource lib="Device" part="CP_Small" description="Polarized capacitor, small symbol"/>
      <sheetpath names="/" tstamps="/"/>
      <tstamp>62CA45F3</tstamp>
    </comp>
    <comp ref="C7">
      <value>0.1u</value>
      <footprint>Capacitor_SMD:C_0603_1608Metric_Pad1.05x0.95mm_HandSolder</footprint>
      <datasheet>~</datasheet>
      <libsource lib="Device" part="CP_Small" description="Polarized capacitor, small symbol"/>
      <sheetpath names="/" tstamps="/"/>
      <tstamp>62CB0848</tstamp>
    </comp>
    <comp ref="U3">
      <value>LP5907MFX-3.3</value>
      <footprint>Package_TO_SOT_SMD:SOT-23-5</footprint>
      <datasheet>http://www.ti.com/lit/ds/symlink/lp5907.pdf</datasheet>
      <libsource lib="Regulator_Linear" part="LP5907MFX-3.3" description="250-mA Ultra-Low-Noise Low-IQ LDO, 3.3V, SOT-23"/>
      <sheetpath names="/" tstamps="/"/>
      <tstamp>62E6C7BF</tstamp>
    </comp>
    <comp ref="C14">
      <value>1u</value>
      <footprint>Capacitor_SMD:C_0603_1608Metric_Pad1.05x0.95mm_HandSolder</footprint>
      <datasheet>~</datasheet>
      <libsource lib="Device" part="CP_Small" description="Polarized capacitor, small symbol"/>
      <sheetpath names="/" tstamps="/"/>
      <tstamp>62E7EBBC</tstamp>
    </comp>
    <comp ref="C17">
      <value>1u</value>
      <footprint>Capacitor_SMD:C_0603_1608Metric_Pad1.05x0.95mm_HandSolder</footprint>
      <datasheet>~</datasheet>
      <libsource lib="Device" part="CP_Small" description="Polarized capacitor, small symbol"/>
      <sheetpath names="/" tstamps="/"/>
      <tstamp>62F0224A</tstamp>
    </comp>
    <comp ref="J5">
      <value>Conn_01x01_Male</value>
      <footprint>Connector_Pin:Pin_D1.3mm_L11.0mm</footprint>
      <datasheet>~</datasheet>
      <libsource lib="Connector" part="Conn_01x01_Male" description="Generic connector, single row, 01x01, script generated (kicad-library-utils/schlib/autogen/connector/)"/>
      <sheetpath names="/" tstamps="/"/>
      <tstamp>62745507</tstamp>
    </comp>
    <comp ref="J6">
      <value>Conn_01x01_Male</value>
      <footprint>Connector_Pin:Pin_D1.3mm_L11.0mm</footprint>
      <datasheet>~</datasheet>
      <libsource lib="Connector" part="Conn_01x01_Male" description="Generic connector, single row, 01x01, script generated (kicad-library-utils/schlib/autogen/connector/)"/>
      <sheetpath names="/" tstamps="/"/>
      <tstamp>6278F4CA</tstamp>
    </comp>
    <comp ref="J7">
      <value>Conn_01x01_Male</value>
      <footprint>Connector_Pin:Pin_D1.3mm_L11.0mm</footprint>
      <datasheet>~</datasheet>
      <libsource lib="Connector" part="Conn_01x01_Male" description="Generic connector, single row, 01x01, script generated (kicad-library-utils/schlib/autogen/connector/)"/>
      <sheetpath names="/" tstamps="/"/>
      <tstamp>627A0A2A</tstamp>
    </comp>
    <comp ref="J8">
      <value>Conn_01x01_Male</value>
      <footprint>Connector_Pin:Pin_D1.3mm_L11.0mm</footprint>
      <datasheet>~</datasheet>
      <libsource lib="Connector" part="Conn_01x01_Male" description="Generic connector, single row, 01x01, script generated (kicad-library-utils/schlib/autogen/connector/)"/>
      <sheetpath names="/" tstamps="/"/>
      <tstamp>627B20C5</tstamp>
    </comp>
    <comp ref="J9">
      <value>Conn_01x01_Male</value>
      <footprint>Connector_Pin:Pin_D1.3mm_L11.0mm</footprint>
      <datasheet>~</datasheet>
      <libsource lib="Connector" part="Conn_01x01_Male" description="Generic connector, single row, 01x01, script generated (kicad-library-utils/schlib/autogen/connector/)"/>
      <sheetpath names="/" tstamps="/"/>
      <tstamp>62821481</tstamp>
    </comp>
    <comp ref="J10">
      <value>Conn_01x01_Male</value>
      <footprint>Connector_Pin:Pin_D1.3mm_L11.0mm</footprint>
      <datasheet>~</datasheet>
      <libsource lib="Connector" part="Conn_01x01_Male" description="Generic connector, single row, 01x01, script generated (kicad-library-utils/schlib/autogen/connector/)"/>
      <sheetpath names="/" tstamps="/"/>
      <tstamp>62821487</tstamp>
    </comp>
    <comp ref="J11">
      <value>Conn_01x01_Male</value>
      <footprint>Connector_Pin:Pin_D1.3mm_L11.0mm</footprint>
      <datasheet>~</datasheet>
      <libsource lib="Connector" part="Conn_01x01_Male" description="Generic connector, single row, 01x01, script generated (kicad-library-utils/schlib/autogen/connector/)"/>
      <sheetpath names="/" tstamps="/"/>
      <tstamp>6282148D</tstamp>
    </comp>
    <comp ref="J12">
      <value>Conn_01x01_Male</value>
      <footprint>Connector_Pin:Pin_D1.3mm_L11.0mm</footprint>
      <datasheet>~</datasheet>
      <libsource lib="Connector" part="Conn_01x01_Male" description="Generic connector, single row, 01x01, script generated (kicad-library-utils/schlib/autogen/connector/)"/>
      <sheetpath names="/" tstamps="/"/>
      <tstamp>62821493</tstamp>
    </comp>
    <comp ref="Q1">
      <value>BSS138</value>
      <footprint>Package_TO_SOT_SMD:SOT-23</footprint>
      <datasheet>https://www.fairchildsemi.com/datasheets/BS/BSS138.pdf</datasheet>
      <libsource lib="Transistor_FET" part="BSS138" description="50V Vds, 0.22A Id, N-Channel MOSFET, SOT-23"/>
      <sheetpath names="/" tstamps="/"/>
      <tstamp>62AD6AD9</tstamp>
    </comp>
    <comp ref="R19">
      <value>1k</value>
      <footprint>Resistor_SMD:R_0603_1608Metric_Pad1.05x0.95mm_HandSolder</footprint>
      <datasheet>~</datasheet>
      <libsource lib="Device" part="R" description="Resistor"/>
      <sheetpath names="/" tstamps="/"/>
      <tstamp>62AD9EC7</tstamp>
    </comp>
    <comp ref="R18">
      <value>100k</value>
      <footprint>Resistor_SMD:R_0603_1608Metric_Pad1.05x0.95mm_HandSolder</footprint>
      <datasheet>~</datasheet>
      <libsource lib="Device" part="R" description="Resistor"/>
      <sheetpath names="/" tstamps="/"/>
      <tstamp>62B24D38</tstamp>
    </comp>
    <comp ref="J14">
      <value>Conn_01x02_Male</value>
      <footprint>Connector_PinHeader_2.54mm:PinHeader_1x02_P2.54mm_Vertical</footprint>
      <datasheet>~</datasheet>
      <libsource lib="Connector" part="Conn_01x02_Male" description="Generic connector, single row, 01x02, script generated (kicad-library-utils/schlib/autogen/connector/)"/>
      <sheetpath names="/" tstamps="/"/>
      <tstamp>62B83866</tstamp>
    </comp>
    <comp ref="Q2">
      <value>BSS138</value>
      <footprint>Package_TO_SOT_SMD:SOT-23</footprint>
      <datasheet>https://www.fairchildsemi.com/datasheets/BS/BSS138.pdf</datasheet>
      <libsource lib="Transistor_FET" part="BSS138" description="50V Vds, 0.22A Id, N-Channel MOSFET, SOT-23"/>
      <sheetpath names="/" tstamps="/"/>
      <tstamp>62BF05E2</tstamp>
    </comp>
    <comp ref="R21">
      <value>1k</value>
      <footprint>Resistor_SMD:R_0603_1608Metric_Pad1.05x0.95mm_HandSolder</footprint>
      <datasheet>~</datasheet>
      <libsource lib="Device" part="R" description="Resistor"/>
      <sheetpath names="/" tstamps="/"/>
      <tstamp>62BF05E8</tstamp>
    </comp>
    <comp ref="R20">
      <value>100k</value>
      <footprint>Resistor_SMD:R_0603_1608Metric_Pad1.05x0.95mm_HandSolder</footprint>
      <datasheet>~</datasheet>
      <libsource lib="Device" part="R" description="Resistor"/>
      <sheetpath names="/" tstamps="/"/>
      <tstamp>62BF05F5</tstamp>
    </comp>
    <comp ref="J16">
      <value>Conn_01x02_Male</value>
      <footprint>Connector_PinHeader_2.54mm:PinHeader_1x02_P2.54mm_Vertical</footprint>
      <datasheet>~</datasheet>
      <libsource lib="Connector" part="Conn_01x02_Male" description="Generic connector, single row, 01x02, script generated (kicad-library-utils/schlib/autogen/connector/)"/>
      <sheetpath names="/" tstamps="/"/>
      <tstamp>62BF0601</tstamp>
    </comp>
    <comp ref="J4">
      <value>Conn_01x04_Male</value>
      <footprint>Connector_PinHeader_2.54mm:PinHeader_1x04_P2.54mm_Vertical</footprint>
      <datasheet>~</datasheet>
      <libsource lib="Connector" part="Conn_01x04_Male" description="Generic connector, single row, 01x04, script generated (kicad-library-utils/schlib/autogen/connector/)"/>
      <sheetpath names="/" tstamps="/"/>
      <tstamp>62CA923D</tstamp>
    </comp>
    <comp ref="J20">
      <value>Conn_01x01_Male</value>
      <footprint>MountingHole:MountingHole_2.5mm_Pad</footprint>
      <datasheet>~</datasheet>
      <libsource lib="Connector" part="Conn_01x01_Male" description="Generic connector, single row, 01x01, script generated (kicad-library-utils/schlib/autogen/connector/)"/>
      <sheetpath names="/" tstamps="/"/>
      <tstamp>62D6CB04</tstamp>
    </comp>
    <comp ref="J21">
      <value>Conn_01x01_Male</value>
      <footprint>MountingHole:MountingHole_2.5mm_Pad</footprint>
      <datasheet>~</datasheet>
      <libsource lib="Connector" part="Conn_01x01_Male" description="Generic connector, single row, 01x01, script generated (kicad-library-utils/schlib/autogen/connector/)"/>
      <sheetpath names="/" tstamps="/"/>
      <tstamp>62D6E7D0</tstamp>
    </comp>
    <comp ref="J18">
      <value>Conn_01x08_Male</value>
      <footprint>Connector_PinHeader_2.54mm:PinHeader_2x04_P2.54mm_Vertical</footprint>
      <datasheet>~</datasheet>
      <libsource lib="Connector" part="Conn_01x08_Male" description="Generic connector, single row, 01x08, script generated (kicad-library-utils/schlib/autogen/connector/)"/>
      <sheetpath names="/" tstamps="/"/>
      <tstamp>62761549</tstamp>
    </comp>
    <comp ref="J17">
      <value>Conn_01x01_Male</value>
      <footprint>Connector_Pin:Pin_D1.3mm_L11.0mm</footprint>
      <datasheet>~</datasheet>
      <libsource lib="Connector" part="Conn_01x01_Male" description="Generic connector, single row, 01x01, script generated (kicad-library-utils/schlib/autogen/connector/)"/>
      <sheetpath names="/" tstamps="/"/>
      <tstamp>629BE3EB</tstamp>
    </comp>
    <comp ref="J19">
      <value>Conn_01x01_Male</value>
      <footprint>Connector_Pin:Pin_D1.3mm_L11.0mm</footprint>
      <datasheet>~</datasheet>
      <libsource lib="Connector" part="Conn_01x01_Male" description="Generic connector, single row, 01x01, script generated (kicad-library-utils/schlib/autogen/connector/)"/>
      <sheetpath names="/" tstamps="/"/>
      <tstamp>629BE3F1</tstamp>
    </comp>
    <comp ref="J22">
      <value>Conn_01x01_Male</value>
      <footprint>Connector_Pin:Pin_D1.3mm_L11.0mm</footprint>
      <datasheet>~</datasheet>
      <libsource lib="Connector" part="Conn_01x01_Male" description="Generic connector, single row, 01x01, script generated (kicad-library-utils/schlib/autogen/connector/)"/>
      <sheetpath names="/" tstamps="/"/>
      <tstamp>629BE3F7</tstamp>
    </comp>
    <comp ref="J23">
      <value>Conn_01x01_Male</value>
      <footprint>Connector_Pin:Pin_D1.3mm_L11.0mm</footprint>
      <datasheet>~</datasheet>
      <libsource lib="Connector" part="Conn_01x01_Male" description="Generic connector, single row, 01x01, script generated (kicad-library-utils/schlib/autogen/connector/)"/>
      <sheetpath names="/" tstamps="/"/>
      <tstamp>629BE3FD</tstamp>
    </comp>
    <comp ref="J2">
      <value>Conn_01x04_Male</value>
      <footprint>Connector_PinHeader_2.54mm:PinHeader_1x04_P2.54mm_Vertical</footprint>
      <datasheet>~</datasheet>
      <libsource lib="Connector" part="Conn_01x04_Male" description="Generic connector, single row, 01x04, script generated (kicad-library-utils/schlib/autogen/connector/)"/>
      <sheetpath names="/" tstamps="/"/>
      <tstamp>62C018B9</tstamp>
    </comp>
    <comp ref="Y1">
      <value>ECS-480-8-36-RWN-TR</value>
      <footprint>XTAL_ECS-480-8-36-RWN-TR</footprint>
      <fields>
        <field name="AVAILABILITY">Good</field>
        <field name="DESCRIPTION">The minature ECX-2236 is a compact SMD Crystal. The industry standard 2.5 x 2.0 x 0.55 mm ceramic package is ideal for today’s SMD manufacturing environment.</field>
        <field name="MF">ECS INC</field>
        <field name="MP">ECX-2236</field>
        <field name="PACKAGE">SMD-4 ECX</field>
        <field name="PARTREV">2017</field>
        <field name="STANDARD">Manufacturer Recommendation</field>
      </fields>
      <libsource lib="ECS-480-8-36-RWN-TR" part="ECS-480-8-36-RWN-TR" description=""/>
      <sheetpath names="/" tstamps="/"/>
      <tstamp>627D6BFE</tstamp>
    </comp>
    <comp ref="H2">
      <value>MountingHole</value>
      <footprint>MountingHole:MountingHole_2mm</footprint>
      <datasheet>~</datasheet>
      <libsource lib="Mechanical" part="MountingHole" description="Mounting Hole without connection"/>
      <sheetpath names="/" tstamps="/"/>
      <tstamp>62EA16F4</tstamp>
    </comp>
    <comp ref="H1">
      <value>MountingHole</value>
      <footprint>MountingHole:MountingHole_2mm</footprint>
      <datasheet>~</datasheet>
      <libsource lib="Mechanical" part="MountingHole" description="Mounting Hole without connection"/>
      <sheetpath names="/" tstamps="/"/>
      <tstamp>62EA3D1F</tstamp>
    </comp>
    <comp ref="H3">
      <value>MountingHole</value>
      <footprint>MountingHole:MountingHole_2mm</footprint>
      <datasheet>~</datasheet>
      <libsource lib="Mechanical" part="MountingHole" description="Mounting Hole without connection"/>
      <sheetpath names="/" tstamps="/"/>
      <tstamp>62EBA06A</tstamp>
    </comp>
  </components>
  <libparts>
    <libpart lib="Connector" part="Conn_01x01_Male">
      <description>Generic connector, single row, 01x01, script generated (kicad-library-utils/schlib/autogen/connector/)</description>
      <docs>~</docs>
      <footprints>
        <fp>Connector*:*</fp>
      </footprints>
      <fields>
        <field name="Reference">J</field>
        <field name="Value">Conn_01x01_Male</field>
      </fields>
      <pins>
        <pin num="1" name="Pin_1" type="passive"/>
      </pins>
    </libpart>
    <libpart lib="Connector" part="Conn_01x02_Male">
      <description>Generic connector, single row, 01x02, script generated (kicad-library-utils/schlib/autogen/connector/)</description>
      <docs>~</docs>
      <footprints>
        <fp>Connector*:*_1x??_*</fp>
      </footprints>
      <fields>
        <field name="Reference">J</field>
        <field name="Value">Conn_01x02_Male</field>
      </fields>
      <pins>
        <pin num="1" name="Pin_1" type="passive"/>
        <pin num="2" name="Pin_2" type="passive"/>
      </pins>
    </libpart>
    <libpart lib="Connector" part="Conn_01x04_Male">
      <description>Generic connector, single row, 01x04, script generated (kicad-library-utils/schlib/autogen/connector/)</description>
      <docs>~</docs>
      <footprints>
        <fp>Connector*:*_1x??_*</fp>
      </footprints>
      <fields>
        <field name="Reference">J</field>
        <field name="Value">Conn_01x04_Male</field>
      </fields>
      <pins>
        <pin num="1" name="Pin_1" type="passive"/>
        <pin num="2" name="Pin_2" type="passive"/>
        <pin num="3" name="Pin_3" type="passive"/>
        <pin num="4" name="Pin_4" type="passive"/>
      </pins>
    </libpart>
    <libpart lib="Connector" part="Conn_01x08_Male">
      <description>Generic connector, single row, 01x08, script generated (kicad-library-utils/schlib/autogen/connector/)</description>
      <docs>~</docs>
      <footprints>
        <fp>Connector*:*_1x??_*</fp>
      </footprints>
      <fields>
        <field name="Reference">J</field>
        <field name="Value">Conn_01x08_Male</field>
      </fields>
      <pins>
        <pin num="1" name="Pin_1" type="passive"/>
        <pin num="2" name="Pin_2" type="passive"/>
        <pin num="3" name="Pin_3" type="passive"/>
        <pin num="4" name="Pin_4" type="passive"/>
        <pin num="5" name="Pin_5" type="passive"/>
        <pin num="6" name="Pin_6" type="passive"/>
        <pin num="7" name="Pin_7" type="passive"/>
        <pin num="8" name="Pin_8" type="passive"/>
      </pins>
    </libpart>
    <libpart lib="Device" part="CP_Small">
      <description>Polarized capacitor, small symbol</description>
      <docs>~</docs>
      <footprints>
        <fp>CP_*</fp>
      </footprints>
      <fields>
        <field name="Reference">C</field>
        <field name="Value">CP_Small</field>
      </fields>
      <pins>
        <pin num="1" name="~" type="passive"/>
        <pin num="2" name="~" type="passive"/>
      </pins>
    </libpart>
    <libpart lib="Device" part="Crystal">
      <description>Two pin crystal</description>
      <docs>~</docs>
      <footprints>
        <fp>Crystal*</fp>
      </footprints>
      <fields>
        <field name="Reference">Y</field>
        <field name="Value">Crystal</field>
      </fields>
      <pins>
        <pin num="1" name="1" type="passive"/>
        <pin num="2" name="2" type="passive"/>
      </pins>
    </libpart>
    <libpart lib="Device" part="R">
      <description>Resistor</description>
      <docs>~</docs>
      <footprints>
        <fp>R_*</fp>
      </footprints>
      <fields>
        <field name="Reference">R</field>
        <field name="Value">R</field>
      </fields>
      <pins>
        <pin num="1" name="~" type="passive"/>
        <pin num="2" name="~" type="passive"/>
      </pins>
    </libpart>
    <libpart lib="ECS-480-8-36-RWN-TR" part="ECS-480-8-36-RWN-TR">
      <fields>
        <field name="Reference">Y</field>
        <field name="Value">ECS-480-8-36-RWN-TR</field>
        <field name="Footprint">XTAL_ECS-480-8-36-RWN-TR</field>
        <field name="MF">ECS INC</field>
        <field name="DESCRIPTION">The minature ECX-2236 is a compact SMD Crystal. The industry standard 2.5 x 2.0 x 0.55 mm ceramic package is ideal for today’s SMD manufacturing environment.</field>
        <field name="STANDARD">Manufacturer Recommendation</field>
        <field name="MP">ECX-2236</field>
        <field name="PACKAGE">SMD-4 ECX</field>
        <field name="AVAILABILITY">Good</field>
        <field name="PARTREV">2017</field>
      </fields>
      <pins>
        <pin num="1" name="IN/OUT" type="BiDi"/>
        <pin num="2" name="GND" type="power_in"/>
        <pin num="3" name="OUT/IN" type="BiDi"/>
        <pin num="4" name="GND" type="power_in"/>
      </pins>
    </libpart>
    <libpart lib="Logic_LevelTranslator" part="TXS0108EPW">
      <description>Bidirectional  level-shifting voltage translator, TSSOP-20</description>
      <docs>www.ti.com/lit/ds/symlink/txs0108e.pdf</docs>
      <footprints>
        <fp>*SSOP*4.4x6.5mm*P0.65mm*</fp>
      </footprints>
      <fields>
        <field name="Reference">U</field>
        <field name="Value">TXS0108EPW</field>
        <field name="Footprint">Package_SO:TSSOP-20_4.4x6.5mm_P0.65mm</field>
      </fields>
      <pins>
        <pin num="1" name="A1" type="BiDi"/>
        <pin num="2" name="VCCA" type="power_in"/>
        <pin num="3" name="A2" type="BiDi"/>
        <pin num="4" name="A3" type="BiDi"/>
        <pin num="5" name="A4" type="BiDi"/>
        <pin num="6" name="A5" type="BiDi"/>
        <pin num="7" name="A6" type="BiDi"/>
        <pin num="8" name="A7" type="BiDi"/>
        <pin num="9" name="A8" type="BiDi"/>
        <pin num="10" name="OE" type="input"/>
        <pin num="11" name="GND" type="power_in"/>
        <pin num="12" name="B8" type="BiDi"/>
        <pin num="13" name="B7" type="BiDi"/>
        <pin num="14" name="B6" type="BiDi"/>
        <pin num="15" name="B5" type="BiDi"/>
        <pin num="16" name="B4" type="BiDi"/>
        <pin num="17" name="B3" type="BiDi"/>
        <pin num="18" name="B2" type="BiDi"/>
        <pin num="19" name="VCCB" type="power_in"/>
        <pin num="20" name="B1" type="BiDi"/>
      </pins>
    </libpart>
    <libpart lib="MCU_ST_STM32L4" part="STM32L431RBTx">
      <aliases>
        <alias>STM32L431RCTx</alias>
      </aliases>
      <description>ARM Cortex-M4 MCU, 128KB flash, 64KB RAM, 80MHz, 1.71-3.6V, 52 GPIO, LQFP-64</description>
      <docs>http://www.st.com/st-web-ui/static/active/en/resource/technical/document/datasheet/DM00257211.pdf</docs>
      <footprints>
        <fp>LQFP*10x10mm*P0.5mm*</fp>
      </footprints>
      <fields>
        <field name="Reference">U</field>
        <field name="Value">STM32L431RBTx</field>
        <field name="Footprint">Package_QFP:LQFP-64_10x10mm_P0.5mm</field>
      </fields>
      <pins>
        <pin num="1" name="VBAT" type="power_in"/>
        <pin num="2" name="PC13/WKUP2" type="BiDi"/>
        <pin num="3" name="PC14_OSC32_IN" type="BiDi"/>
        <pin num="4" name="PC15_OSC32_OUT" type="BiDi"/>
        <pin num="5" name="PH0/OSCIN" type="input"/>
        <pin num="6" name="PH1/OSCOUT" type="input"/>
        <pin num="7" name="NRST" type="input"/>
        <pin num="8" name="PC0/LPUART1_RX" type="BiDi"/>
        <pin num="9" name="PC1/LPUART1_TX" type="BiDi"/>
        <pin num="10" name="PC2/SPI2_MISO" type="BiDi"/>
        <pin num="11" name="PC3/SPI2_MOSI" type="BiDi"/>
        <pin num="12" name="VSSA" type="power_in"/>
        <pin num="13" name="VDDA" type="power_in"/>
        <pin num="14" name="PA0_WKUP1" type="BiDi"/>
        <pin num="15" name="PA1_SPI1_SCK" type="BiDi"/>
        <pin num="16" name="PA2/LPUART1_TX/TIM2_CH3/WKUP4" type="BiDi"/>
        <pin num="17" name="PA3/LPUART1_RX/TIM2_CH4" type="BiDi"/>
        <pin num="18" name="VSS" type="power_in"/>
        <pin num="19" name="VDD" type="power_in"/>
        <pin num="20" name="PA4/SPI1_NSS/LPTIM2_OUT" type="BiDi"/>
        <pin num="21" name="PA5/SPI1_SCK/TIM2_CH1" type="BiDi"/>
        <pin num="22" name="PA6/TIM16_CH1" type="BiDi"/>
        <pin num="23" name="PA7/SPI1_MOSI" type="BiDi"/>
        <pin num="24" name="PC4/USART3_TX" type="BiDi"/>
        <pin num="25" name="PC5/USART3_RX/WKUP5" type="BiDi"/>
        <pin num="26" name="PB0" type="BiDi"/>
        <pin num="27" name="PB1" type="BiDi"/>
        <pin num="28" name="PB2" type="BiDi"/>
        <pin num="29" name="PB10/LPUART1_RX/SPI2_SCK/TIM2_CH3/I2C2_SCL" type="BiDi"/>
        <pin num="30" name="PB11/USART3_RX/LPUART1_TX/TIM2_CH4/I2C2_SDA" type="BiDi"/>
        <pin num="31" name="VSS" type="power_in"/>
        <pin num="32" name="VDD" type="power_in"/>
        <pin num="33" name="PB12" type="BiDi"/>
        <pin num="34" name="PB13" type="BiDi"/>
        <pin num="35" name="PB14/SPI2_MISO/TIM15_CH1" type="BiDi"/>
        <pin num="36" name="PB15/SPI2_MOSI/TIM15_CH2" type="BiDi"/>
        <pin num="37" name="PC6" type="BiDi"/>
        <pin num="38" name="PC7" type="BiDi"/>
        <pin num="39" name="PC8" type="BiDi"/>
        <pin num="40" name="PC9" type="BiDi"/>
        <pin num="41" name="PA8/TIM1_CH1" type="BiDi"/>
        <pin num="42" name="PA9/TIM1_CH2/USART1_TX" type="BiDi"/>
        <pin num="43" name="PA10/TIM1_CH3/USART1_RX" type="BiDi"/>
        <pin num="44" name="PA11/TIM1_CH4/SPI1_MISO" type="BiDi"/>
        <pin num="45" name="PA12/SPI_MOSI" type="BiDi"/>
        <pin num="46" name="PA13/SWDIO" type="BiDi"/>
        <pin num="47" name="VSS" type="power_in"/>
        <pin num="48" name="VDDUSB" type="power_in"/>
        <pin num="49" name="PA14/SWCLK" type="BiDi"/>
        <pin num="50" name="PA15/JTDI" type="BiDi"/>
        <pin num="51" name="PC10" type="BiDi"/>
        <pin num="52" name="PC11/SPI3_MISO/USART3_RX" type="BiDi"/>
        <pin num="53" name="PC12/SPI3_MOSI" type="BiDi"/>
        <pin num="54" name="PD2" type="BiDi"/>
        <pin num="55" name="PB3/JTDO-TRACE-SWO" type="BiDi"/>
        <pin num="56" name="PB4/NJTRST" type="BiDi"/>
        <pin num="57" name="PB5/SPI1_MOSI/SPI3_MOSI" type="BiDi"/>
        <pin num="58" name="PB6/USART1_TX" type="BiDi"/>
        <pin num="59" name="PB7/USART1_RX" type="BiDi"/>
        <pin num="60" name="PH3/BOOT0" type="BiDi"/>
        <pin num="61" name="PB8/I2C1_SCL/TIM16_CH1" type="BiDi"/>
        <pin num="62" name="PB9/I2C1_SDA/SPI2_NSS" type="BiDi"/>
        <pin num="63" name="VSS" type="power_in"/>
        <pin num="64" name="VDD" type="power_in"/>
      </pins>
    </libpart>
    <libpart lib="Mechanical" part="MountingHole">
      <description>Mounting Hole without connection</description>
      <docs>~</docs>
      <footprints>
        <fp>MountingHole*</fp>
      </footprints>
      <fields>
        <field name="Reference">H</field>
        <field name="Value">MountingHole</field>
      </fields>
    </libpart>
    <libpart lib="Regulator_Linear" part="LP5907MFX-1.2">
      <aliases>
        <alias>LP5907MFX-1.5</alias>
        <alias>LP5907MFX-1.8</alias>
        <alias>LP5907MFX-2.5</alias>
        <alias>LP5907MFX-2.8</alias>
        <alias>LP5907MFX-2.85</alias>
        <alias>LP5907MFX-2.9</alias>
        <alias>LP5907MFX-3.0</alias>
        <alias>LP5907MFX-3.1</alias>
        <alias>LP5907MFX-3.2</alias>
        <alias>LP5907MFX-3.3</alias>
        <alias>LP5907MFX-4.5</alias>
        <alias>NCP718xSN120</alias>
        <alias>NCP718xSN150</alias>
        <alias>NCP718xSN180</alias>
        <alias>NCP718xSN250</alias>
        <alias>NCP718xSN300</alias>
        <alias>NCP718xSN330</alias>
        <alias>NCP718xSN500</alias>
      </aliases>
      <description>250-mA Ultra-Low-Noise Low-IQ LDO, 1.2V, SOT-23</description>
      <docs>http://www.ti.com/lit/ds/symlink/lp5907.pdf</docs>
      <footprints>
        <fp>SOT?23*</fp>
      </footprints>
      <fields>
        <field name="Reference">U</field>
        <field name="Value">LP5907MFX-1.2</field>
        <field name="Footprint">Package_TO_SOT_SMD:SOT-23-5</field>
      </fields>
      <pins>
        <pin num="1" name="IN" type="power_in"/>
        <pin num="2" name="GND" type="power_in"/>
        <pin num="3" name="EN" type="input"/>
        <pin num="4" name="NC" type="NotConnected"/>
        <pin num="5" name="OUT" type="power_out"/>
      </pins>
    </libpart>
    <libpart lib="Switch" part="SW_DIP_x01">
      <description>1x DIP Switch, Single Pole Single Throw (SPST) switch, small symbol</description>
      <docs>~</docs>
      <footprints>
        <fp>SW?DIP?x1*</fp>
      </footprints>
      <fields>
        <field name="Reference">SW</field>
        <field name="Value">SW_DIP_x01</field>
      </fields>
      <pins>
        <pin num="1" name="~" type="passive"/>
        <pin num="2" name="~" type="passive"/>
      </pins>
    </libpart>
    <libpart lib="Transistor_FET" part="BSS138">
      <aliases>
        <alias>2N7002</alias>
        <alias>2N7002E</alias>
        <alias>2N7002H</alias>
        <alias>2N7002K</alias>
        <alias>BS170F</alias>
        <alias>BS870</alias>
        <alias>BSN20</alias>
        <alias>BSS123</alias>
        <alias>BSS127S</alias>
        <alias>DMG2302U</alias>
        <alias>DMG3402L</alias>
        <alias>DMG3404L</alias>
        <alias>DMG3406L</alias>
        <alias>DMG3414U</alias>
        <alias>DMG3418L</alias>
        <alias>DMN10H220L</alias>
        <alias>DMN10H700S</alias>
        <alias>DMN13H750S</alias>
        <alias>DMN2041L</alias>
        <alias>DMN2050L</alias>
        <alias>DMN2056U</alias>
        <alias>DMN2058U</alias>
        <alias>DMN2075U</alias>
        <alias>DMN2230U</alias>
        <alias>DMN24H11DS</alias>
        <alias>DMN24H3D5L</alias>
        <alias>DMN3042L</alias>
        <alias>DMN3051L</alias>
        <alias>DMN30H4D0L</alias>
        <alias>DMN3110S</alias>
        <alias>DMN3150L</alias>
        <alias>DMN3300U</alias>
        <alias>DMN3404L</alias>
        <alias>DMN6075S</alias>
        <alias>DMN6140L</alias>
        <alias>DMN67D7L</alias>
        <alias>DMN67D8L</alias>
        <alias>MMBF170</alias>
        <alias>VN10LF</alias>
        <alias>ZVN3306F</alias>
        <alias>ZVN3310F</alias>
        <alias>ZVN3320F</alias>
        <alias>ZVN4106F</alias>
        <alias>ZXM61N02F</alias>
        <alias>ZXM61N03F</alias>
        <alias>ZXMN10A07F</alias>
        <alias>ZXMN2A01F</alias>
        <alias>ZXMN2A14F</alias>
        <alias>ZXMN2B01F</alias>
        <alias>ZXMN2B14FH</alias>
        <alias>ZXMN2F30FH</alias>
        <alias>ZXMN2F34FH</alias>
        <alias>ZXMN3A01F</alias>
        <alias>ZXMN3A14F</alias>
        <alias>ZXMN3B01F</alias>
        <alias>ZXMN3B14F</alias>
        <alias>ZXMN3F30FH</alias>
        <alias>ZXMN6A07F</alias>
        <alias>IRLML0030</alias>
        <alias>IRLML2060</alias>
        <alias>TSM2302CX</alias>
      </aliases>
      <description>50V Vds, 0.22A Id, N-Channel MOSFET, SOT-23</description>
      <docs>https://www.fairchildsemi.com/datasheets/BS/BSS138.pdf</docs>
      <footprints>
        <fp>SOT?23*</fp>
      </footprints>
      <fields>
        <field name="Reference">Q</field>
        <field name="Value">BSS138</field>
        <field name="Footprint">Package_TO_SOT_SMD:SOT-23</field>
      </fields>
      <pins>
        <pin num="1" name="G" type="input"/>
        <pin num="2" name="S" type="passive"/>
        <pin num="3" name="D" type="passive"/>
      </pins>
    </libpart>
  </libparts>
  <libraries>
    <library logical="Connector">
      <uri>/Library/Application Support/kicad/library/Connector.lib</uri>
    </library>
    <library logical="Device">
      <uri>/Library/Application Support/kicad/library/Device.lib</uri>
    </library>
    <library logical="ECS-480-8-36-RWN-TR">
      <uri>/Users/spud/Documents/Hardware/Design/schematic_libraries/ECS-480-8-36-RWN-TR/ECS-480-8-36-RWN-TR.lib</uri>
    </library>
    <library logical="Logic_LevelTranslator">
      <uri>/Library/Application Support/kicad/library/Logic_LevelTranslator.lib</uri>
    </library>
    <library logical="MCU_ST_STM32L4">
      <uri>/Library/Application Support/kicad/library/MCU_ST_STM32L4.lib</uri>
    </library>
    <library logical="Mechanical">
      <uri>/Library/Application Support/kicad/library/Mechanical.lib</uri>
    </library>
    <library logical="Regulator_Linear">
      <uri>/Library/Application Support/kicad/library/Regulator_Linear.lib</uri>
    </library>
    <library logical="Switch">
      <uri>/Library/Application Support/kicad/library/Switch.lib</uri>
    </library>
    <library logical="Transistor_FET">
      <uri>/Library/Application Support/kicad/library/Transistor_FET.lib</uri>
    </library>
  </libraries>
  <nets>
    <net code="1" name="/TIM2_CH2">
      <node ref="U2" pin="15"/>
      <node ref="U1" pin="4"/>
    </net>
    <net code="2" name="Net-(U2-Pad23)">
      <node ref="U2" pin="23"/>
    </net>
    <net code="3" name="Net-(U2-Pad24)">
      <node ref="U2" pin="24"/>
    </net>
    <net code="4" name="Net-(U2-Pad27)">
      <node ref="U2" pin="27"/>
    </net>
    <net code="5" name="Net-(U2-Pad28)">
      <node ref="U2" pin="28"/>
    </net>
    <net code="6" name="Net-(U2-Pad33)">
      <node ref="U2" pin="33"/>
    </net>
    <net code="7" name="Net-(U2-Pad34)">
      <node ref="U2" pin="34"/>
    </net>
    <net code="8" name="Net-(U2-Pad36)">
      <node ref="U2" pin="36"/>
    </net>
    <net code="9" name="Net-(U2-Pad37)">
      <node ref="U2" pin="37"/>
    </net>
    <net code="10" name="Net-(U2-Pad38)">
      <node ref="U2" pin="38"/>
    </net>
    <net code="11" name="Net-(U2-Pad39)">
      <node ref="U2" pin="39"/>
    </net>
    <net code="12" name="Net-(C4-Pad1)">
      <node ref="Y2" pin="2"/>
      <node ref="U2" pin="4"/>
      <node ref="C4" pin="1"/>
    </net>
    <net code="13" name="Net-(U2-Pad40)">
      <node ref="U2" pin="40"/>
    </net>
    <net code="14" name="/TIM1_CH1">
      <node ref="U2" pin="41"/>
      <node ref="U1" pin="5"/>
    </net>
    <net code="15" name="Net-(U2-Pad51)">
      <node ref="U2" pin="51"/>
    </net>
    <net code="16" name="Net-(U2-Pad52)">
      <node ref="U2" pin="52"/>
    </net>
    <net code="17" name="Net-(U2-Pad53)">
      <node ref="U2" pin="53"/>
    </net>
    <net code="18" name="Net-(U2-Pad54)">
      <node ref="U2" pin="54"/>
    </net>
    <net code="19" name="Net-(U2-Pad57)">
      <node ref="U2" pin="57"/>
    </net>
    <net code="20" name="Net-(U2-Pad58)">
      <node ref="U2" pin="58"/>
    </net>
    <net code="21" name="Net-(U2-Pad59)">
      <node ref="U2" pin="59"/>
    </net>
    <net code="22" name="Net-(U2-Pad62)">
      <node ref="U2" pin="62"/>
    </net>
    <net code="23" name="/NRST">
      <node ref="J18" pin="2"/>
      <node ref="U2" pin="7"/>
      <node ref="R3" pin="2"/>
      <node ref="SW1" pin="1"/>
      <node ref="C6" pin="1"/>
    </net>
    <net code="24" name="GND1">
      <node ref="R20" pin="2"/>
      <node ref="Q2" pin="2"/>
      <node ref="R18" pin="2"/>
      <node ref="Q1" pin="2"/>
      <node ref="C15" pin="2"/>
      <node ref="C16" pin="2"/>
      <node ref="J12" pin="1"/>
      <node ref="J11" pin="1"/>
      <node ref="J10" pin="1"/>
      <node ref="J9" pin="1"/>
      <node ref="C17" pin="2"/>
      <node ref="C14" pin="2"/>
      <node ref="C6" pin="2"/>
      <node ref="C13" pin="2"/>
      <node ref="J4" pin="1"/>
      <node ref="C12" pin="2"/>
      <node ref="J4" pin="2"/>
      <node ref="C11" pin="2"/>
      <node ref="C10" pin="2"/>
      <node ref="SW1" pin="2"/>
      <node ref="C9" pin="2"/>
      <node ref="U3" pin="2"/>
      <node ref="C8" pin="2"/>
      <node ref="U2" pin="63"/>
      <node ref="J21" pin="1"/>
      <node ref="C3" pin="2"/>
      <node ref="C4" pin="2"/>
      <node ref="J18" pin="1"/>
      <node ref="U2" pin="47"/>
      <node ref="C1" pin="2"/>
      <node ref="C2" pin="2"/>
      <node ref="C7" pin="2"/>
      <node ref="C5" pin="2"/>
      <node ref="U1" pin="11"/>
      <node ref="R17" pin="2"/>
      <node ref="R2" pin="2"/>
      <node ref="R15" pin="2"/>
      <node ref="U2" pin="31"/>
      <node ref="R12" pin="2"/>
      <node ref="R7" pin="2"/>
      <node ref="J2" pin="1"/>
      <node ref="Y1" pin="2"/>
      <node ref="Y1" pin="4"/>
      <node ref="U2" pin="18"/>
      <node ref="U2" pin="12"/>
    </net>
    <net code="25" name="+3V3">
      <node ref="U2" pin="1"/>
      <node ref="C5" pin="1"/>
      <node ref="R1" pin="1"/>
      <node ref="R5" pin="1"/>
      <node ref="R8" pin="1"/>
      <node ref="R9" pin="1"/>
      <node ref="R10" pin="1"/>
      <node ref="R13" pin="1"/>
      <node ref="C15" pin="1"/>
      <node ref="C16" pin="1"/>
      <node ref="C13" pin="1"/>
      <node ref="C12" pin="1"/>
      <node ref="J4" pin="4"/>
      <node ref="C11" pin="1"/>
      <node ref="C10" pin="1"/>
      <node ref="U2" pin="32"/>
      <node ref="C9" pin="1"/>
      <node ref="C8" pin="1"/>
      <node ref="U2" pin="64"/>
      <node ref="U1" pin="2"/>
      <node ref="U2" pin="19"/>
      <node ref="U2" pin="13"/>
      <node ref="R4" pin="1"/>
      <node ref="J18" pin="8"/>
      <node ref="R3" pin="1"/>
      <node ref="C17" pin="1"/>
      <node ref="R6" pin="1"/>
      <node ref="U3" pin="5"/>
      <node ref="R16" pin="1"/>
      <node ref="R11" pin="1"/>
      <node ref="R14" pin="1"/>
    </net>
    <net code="26" name="Net-(R4-Pad2)">
      <node ref="R4" pin="2"/>
      <node ref="U2" pin="48"/>
    </net>
    <net code="27" name="Net-(C3-Pad1)">
      <node ref="U2" pin="3"/>
      <node ref="C3" pin="1"/>
      <node ref="Y2" pin="1"/>
    </net>
    <net code="28" name="/BOOT0">
      <node ref="R1" pin="2"/>
      <node ref="R2" pin="1"/>
      <node ref="U2" pin="60"/>
    </net>
    <net code="29" name="/WKUP2">
      <node ref="U2" pin="2"/>
      <node ref="R7" pin="1"/>
      <node ref="J3" pin="4"/>
      <node ref="R6" pin="2"/>
    </net>
    <net code="30" name="/WKUP1">
      <node ref="U2" pin="14"/>
      <node ref="R12" pin="1"/>
      <node ref="J3" pin="3"/>
      <node ref="R11" pin="2"/>
    </net>
    <net code="31" name="/WKUP3">
      <node ref="U2" pin="25"/>
      <node ref="R16" pin="2"/>
      <node ref="J3" pin="1"/>
      <node ref="R17" pin="1"/>
    </net>
    <net code="32" name="/WKUP4">
      <node ref="J3" pin="2"/>
      <node ref="U2" pin="16"/>
      <node ref="R15" pin="1"/>
      <node ref="R14" pin="2"/>
    </net>
    <net code="33" name="/SPI1_CSN">
      <node ref="J1" pin="4"/>
      <node ref="U2" pin="20"/>
    </net>
    <net code="34" name="/SPI1_SCK">
      <node ref="J1" pin="3"/>
      <node ref="U2" pin="21"/>
    </net>
    <net code="35" name="/SPI1_MISO">
      <node ref="J1" pin="2"/>
      <node ref="U2" pin="44"/>
    </net>
    <net code="36" name="/SPI1_MOSI">
      <node ref="J1" pin="1"/>
      <node ref="U2" pin="45"/>
    </net>
    <net code="37" name="/TIM16_CH1">
      <node ref="U2" pin="22"/>
      <node ref="U1" pin="1"/>
    </net>
    <net code="38" name="/JTDO">
      <node ref="U2" pin="55"/>
      <node ref="J18" pin="4"/>
      <node ref="R10" pin="2"/>
    </net>
    <net code="39" name="/NJTRST">
      <node ref="R13" pin="2"/>
      <node ref="U2" pin="56"/>
      <node ref="J18" pin="3"/>
    </net>
    <net code="40" name="/SWDIO">
      <node ref="U2" pin="46"/>
      <node ref="R5" pin="2"/>
      <node ref="J18" pin="7"/>
    </net>
    <net code="41" name="/SWCLK">
      <node ref="J18" pin="6"/>
      <node ref="U2" pin="49"/>
      <node ref="R8" pin="2"/>
    </net>
    <net code="42" name="/JTDI">
      <node ref="J18" pin="5"/>
      <node ref="U2" pin="50"/>
      <node ref="R9" pin="2"/>
    </net>
    <net code="43" name="/LED_OUT_2">
      <node ref="J13" pin="1"/>
      <node ref="R20" pin="1"/>
      <node ref="U2" pin="11"/>
      <node ref="Q2" pin="1"/>
    </net>
    <net code="44" name="/LED_OUT_1">
      <node ref="Q1" pin="1"/>
      <node ref="R18" pin="1"/>
      <node ref="J13" pin="2"/>
      <node ref="U2" pin="10"/>
    </net>
    <net code="45" name="/I2C2_SDA">
      <node ref="U2" pin="30"/>
      <node ref="J13" pin="4"/>
    </net>
    <net code="46" name="/I2C2_SCL">
      <node ref="J13" pin="3"/>
      <node ref="U2" pin="29"/>
    </net>
    <net code="47" name="/TIM15_CH1">
      <node ref="U1" pin="3"/>
      <node ref="U2" pin="17"/>
    </net>
    <net code="48" name="/GPIO_0">
      <node ref="U2" pin="61"/>
      <node ref="J15" pin="4"/>
    </net>
    <net code="49" name="/GPIO_1">
      <node ref="U2" pin="35"/>
      <node ref="J15" pin="3"/>
    </net>
    <net code="50" name="/GPIO_3">
      <node ref="U2" pin="9"/>
      <node ref="U1" pin="9"/>
    </net>
    <net code="51" name="/GPIO_2">
      <node ref="U1" pin="8"/>
      <node ref="U2" pin="8"/>
    </net>
    <net code="52" name="/GPIO_2_SHIFT">
      <node ref="J15" pin="2"/>
      <node ref="U1" pin="13"/>
    </net>
    <net code="53" name="/GPIO_3_SHIFT">
      <node ref="U1" pin="12"/>
      <node ref="J15" pin="1"/>
    </net>
    <net code="54" name="/USART1_TX_SHIFT">
      <node ref="J2" pin="3"/>
      <node ref="U1" pin="14"/>
    </net>
    <net code="55" name="/TIM1_CH1_SHIFT">
      <node ref="J23" pin="1"/>
      <node ref="U1" pin="16"/>
    </net>
    <net code="56" name="/TIM2_CH2_SHIFT">
      <node ref="J19" pin="1"/>
      <node ref="U1" pin="17"/>
    </net>
    <net code="57" name="/USART1_TX">
      <node ref="U1" pin="7"/>
      <node ref="U2" pin="42"/>
    </net>
    <net code="58" name="+5V">
      <node ref="J4" pin="3"/>
      <node ref="J8" pin="1"/>
      <node ref="J7" pin="1"/>
      <node ref="J6" pin="1"/>
      <node ref="J5" pin="1"/>
      <node ref="J20" pin="1"/>
      <node ref="C14" pin="1"/>
      <node ref="J14" pin="2"/>
      <node ref="U3" pin="3"/>
      <node ref="U3" pin="1"/>
      <node ref="J2" pin="4"/>
      <node ref="J16" pin="2"/>
      <node ref="U1" pin="19"/>
      <node ref="C7" pin="1"/>
    </net>
    <net code="59" name="/LEVEL_SHIFTER_EN">
      <node ref="U1" pin="10"/>
      <node ref="U2" pin="26"/>
    </net>
    <net code="60" name="/USART1_RX">
      <node ref="U1" pin="6"/>
      <node ref="U2" pin="43"/>
    </net>
    <net code="61" name="/TIM16_CH1_SHIFT">
      <node ref="U1" pin="20"/>
      <node ref="J22" pin="1"/>
    </net>
    <net code="62" name="/TIM15_CH1_SHIFT">
      <node ref="J17" pin="1"/>
      <node ref="U1" pin="18"/>
    </net>
    <net code="63" name="/USART1_RX_SHIFT">
      <node ref="J2" pin="2"/>
      <node ref="U1" pin="15"/>
    </net>
    <net code="64" name="Net-(U3-Pad4)">
      <node ref="U3" pin="4"/>
    </net>
    <net code="65" name="Net-(Q1-Pad3)">
      <node ref="Q1" pin="3"/>
      <node ref="R19" pin="2"/>
    </net>
    <net code="66" name="Net-(J14-Pad1)">
      <node ref="R19" pin="1"/>
      <node ref="J14" pin="1"/>
    </net>
    <net code="67" name="Net-(Q2-Pad3)">
      <node ref="R21" pin="2"/>
      <node ref="Q2" pin="3"/>
    </net>
    <net code="68" name="Net-(J16-Pad1)">
      <node ref="R21" pin="1"/>
      <node ref="J16" pin="1"/>
    </net>
    <net code="69" name="/OSC48_HI">
      <node ref="Y1" pin="3"/>
      <node ref="C2" pin="1"/>
      <node ref="U2" pin="5"/>
    </net>
    <net code="70" name="/OSC48_LO">
      <node ref="Y1" pin="1"/>
      <node ref="C1" pin="1"/>
      <node ref="U2" pin="6"/>
    </net>
  </nets>
</export>
